ID,Name,Raw Data,Signals
0x123,EngineData,"[24, 19, 74, 52, 0, 0, 0, 0]","{""EngineSpeed"": 4888.174505042429, ""EngineTemp"": 74.75693970634941, ""BatteryLevel"": 52.06237140729473}"
0x123,EngineData,"[155, 20, 115, 82, 0, 0, 0, 0]","{""EngineSpeed"": 5275.142579115337, ""EngineTemp"": 115.16117129028885, ""BatteryLevel"": 82.77399185607757}"
0x125,ClimateControl,"[27, 4, 0, 0, 0, 0, 0, 0]","{""CabinTemp"": 27.290031373817012, ""FanSpeed"": 0, ""ACStatus"": 0}"
0x123,EngineData,"[165, 9, 75, 5, 0, 0, 0, 0]","{""EngineSpeed"": 2469.181910488889, ""EngineTemp"": 75.97162239855734, ""BatteryLevel"": 5.067307755358996}"
0x125,ClimateControl,"[15, 2, 0, 0, 0, 0, 0, 0]","{""CabinTemp"": 15.600674919742465, ""FanSpeed"": 0, ""ACStatus"": 0}"
0x125,ClimateControl,"[32, 1, 0, 0, 0, 0, 0, 0]","{""CabinTemp"": 32.08078203614156, ""FanSpeed"": 0, ""ACStatus"": 0}"
0x125,ClimateControl,"[10, 0, 0, 0, 0, 0, 0, 0]","{""CabinTemp"": 10.54442596185973, ""FanSpeed"": 0, ""ACStatus"": 0}"
0x125,ClimateControl,"[11, 3, 0, 0, 0, 0, 0, 0]","{""CabinTemp"": 11.924561140313058, ""FanSpeed"": 0, ""ACStatus"": 0}"
0x123,EngineData,"[98, 8, 83, 89, 0, 0, 0, 0]","{""EngineSpeed"": 2146.89325119145, ""EngineTemp"": 83.06993836646535, ""BatteryLevel"": 89.91537562531919}"
0x123,EngineData,"[114, 4, 80, 82, 0, 0, 0, 0]","{""EngineSpeed"": 1138.1020842205708, ""EngineTemp"": 80.1908929716915, ""BatteryLevel"": 82.84286072831053}"
0x123,EngineData,"[187, 15, 73, 0, 0, 0, 0, 0]","{""EngineSpeed"": 4027.018269001782, ""EngineTemp"": 73.03284343979331, ""BatteryLevel"": 0.749495344968143}"
0x125,ClimateControl,"[25, 3, 0, 0, 0, 0, 0, 0]","{""CabinTemp"": 25.81842471974101, ""FanSpeed"": 0, ""ACStatus"": 0}"
0x123,EngineData,"[194, 20, 118, 70, 0, 0, 0, 0]","{""EngineSpeed"": 5314.09480822481, ""EngineTemp"": 118.27399601478197, ""BatteryLevel"": 70.03910692821688}"
0x123,EngineData,"[72, 7, 83, 58, 0, 0, 0, 0]","{""EngineSpeed"": 1864.8894862041855, ""EngineTemp"": 83.81273114753604, ""BatteryLevel"": 58.88707839980864}"
0x123,EngineData,"[35, 16, 96, 43, 0, 0, 0, 0]","{""EngineSpeed"": 4131.632532200377, ""EngineTemp"": 96.91204326716479, ""BatteryLevel"": 43.17988505271949}"
0x123,EngineData,"[50, 16, 115, 65, 0, 0, 0, 0]","{""EngineSpeed"": 4146.957501267529, ""EngineTemp"": 115.61317160719497, ""BatteryLevel"": 65.49100091927332}"
0x125,ClimateControl,"[27, 0, 0, 0, 0, 0, 0, 0]","{""CabinTemp"": 27.505751080707327, ""FanSpeed"": 0, ""ACStatus"": 0}"
0x124,VehicleData,"[11, 0, 3, 105, 0, 0, 0, 0]","{""Speed"": 11.297101683000141, ""GearPosition"": 3, ""BatteryVoltage"": 361.8634583227807}"
0x125,ClimateControl,"[17, 3, 0, 0, 0, 0, 0, 0]","{""CabinTemp"": 17.061373105292724, ""FanSpeed"": 0, ""ACStatus"": 0}"
0x124,VehicleData,"[141, 0, 5, 142, 0, 0, 0, 0]","{""Speed"": 141.7923799558476, ""GearPosition"": 5, ""BatteryVoltage"": 398.03914019449604}"
0x125,ClimateControl,"[15, 0, 0, 0, 0, 0, 0, 0]","{""CabinTemp"": 15.790052430616079, ""FanSpeed"": 0, ""ACStatus"": 0}"
0x125,ClimateControl,"[32, 0, 0, 0, 0, 0, 0, 0]","{""CabinTemp"": 32.05647894187088, ""FanSpeed"": 0, ""ACStatus"": 0}"
0x125,ClimateControl,"[24, 4, 0, 0, 0, 0, 0, 0]","{""CabinTemp"": 24.475147252246934, ""FanSpeed"": 0, ""ACStatus"": 0}"
0x124,VehicleData,"[52, 0, 2, 160, 0, 0, 0, 0]","{""Speed"": 52.131945375252194, ""GearPosition"": 2, ""BatteryVoltage"": 416.12069464029105}"
0x125,ClimateControl,"[19, 2, 0, 0, 0, 0, 0, 0]","{""CabinTemp"": 19.857910652258358, ""FanSpeed"": 0, ""ACStatus"": 0}"
0x125,ClimateControl,"[27, 3, 0, 0, 0, 0, 0, 0]","{""CabinTemp"": 27.24460272142218, ""FanSpeed"": 0, ""ACStatus"": 0}"
0x124,VehicleData,"[12, 0, 4, 119, 0, 0, 0, 0]","{""Speed"": 12.160543420378342, ""GearPosition"": 4, ""BatteryVoltage"": 375.62923568336834}"
0x123,EngineData,"[19, 11, 95, 40, 0, 0, 0, 0]","{""EngineSpeed"": 2835.684500999888, ""EngineTemp"": 95.6405420103205, ""BatteryLevel"": 40.04279613837255}"
0x123,EngineData,"[219, 22, 93, 20, 0, 0, 0, 0]","{""EngineSpeed"": 5851.517350003695, ""EngineTemp"": 93.76950973943781, ""BatteryLevel"": 20.37841142383804}"
0x123,EngineData,"[156, 8, 96, 56, 0, 0, 0, 0]","{""EngineSpeed"": 2204.756449920262, ""EngineTemp"": 96.94290561196121, ""BatteryLevel"": 56.126594634357794}"
0x123,EngineData,"[29, 8, 108, 86, 0, 0, 0, 0]","{""EngineSpeed"": 2077.4478645614186, ""EngineTemp"": 108.69578174952294, ""BatteryLevel"": 86.34585064285164}"
0x123,EngineData,"[49, 17, 64, 28, 0, 0, 0, 0]","{""EngineSpeed"": 4401.7700060623865, ""EngineTemp"": 64.90271472401406, ""BatteryLevel"": 28.57429979278091}"
0x123,EngineData,"[110, 17, 70, 19, 0, 0, 0, 0]","{""EngineSpeed"": 4462.029978607936, ""EngineTemp"": 70.29224987661946, ""BatteryLevel"": 19.79514943749291}"
0x123,EngineData,"[212, 5, 67, 23, 0, 0, 0, 0]","{""EngineSpeed"": 1492.7265769016776, ""EngineTemp"": 67.78592005141005, ""BatteryLevel"": 23.407028348291202}"
0x124,VehicleData,"[221, 0, 3, 152, 0, 0, 0, 0]","{""Speed"": 221.50206839016894, ""GearPosition"": 3, ""BatteryVoltage"": 408.71146791709924}"
0x124,VehicleData,"[79, 0, 5, 133, 0, 0, 0, 0]","{""Speed"": 79.59722421617145, ""GearPosition"": 5, ""BatteryVoltage"": 389.44099985779366}"
0x124,VehicleData,"[75, 0, 1, 133, 0, 0, 0, 0]","{""Speed"": 75.77282003277477, ""GearPosition"": 1, ""BatteryVoltage"": 389.7856848334825}"
0x125,ClimateControl,"[18, 0, 0, 0, 0, 0, 0, 0]","{""CabinTemp"": 18.5590841856491, ""FanSpeed"": 0, ""ACStatus"": 0}"
0x123,EngineData,"[60, 6, 101, 96, 0, 0, 0, 0]","{""EngineSpeed"": 1596.0480400981728, ""EngineTemp"": 101.3486674170925, ""BatteryLevel"": 96.86869131574679}"
0x123,EngineData,"[200, 16, 119, 28, 0, 0, 0, 0]","{""EngineSpeed"": 4296.959680978451, ""EngineTemp"": 119.7267964489441, ""BatteryLevel"": 28.492357164953606}"
0x123,EngineData,"[52, 22, 119, 87, 0, 0, 0, 0]","{""EngineSpeed"": 5684.735071725495, ""EngineTemp"": 119.94409780481621, ""BatteryLevel"": 87.98961060621889}"
0x123,EngineData,"[230, 21, 107, 36, 0, 0, 0, 0]","{""EngineSpeed"": 5606.618094264911, ""EngineTemp"": 107.1528175169382, ""BatteryLevel"": 36.88958510154996}"
0x123,EngineData,"[231, 12, 95, 49, 0, 0, 0, 0]","{""EngineSpeed"": 3303.875045510668, ""EngineTemp"": 95.72753599339627, ""BatteryLevel"": 49.70760686982821}"
0x123,EngineData,"[88, 19, 79, 59, 0, 0, 0, 0]","{""EngineSpeed"": 4952.5253170329515, ""EngineTemp"": 79.24009059832947, ""BatteryLevel"": 59.622715155717806}"
0x125,ClimateControl,"[29, 1, 0, 0, 0, 0, 0, 0]","{""CabinTemp"": 29.708977504787903, ""FanSpeed"": 0, ""ACStatus"": 0}"
0x125,ClimateControl,"[30, 3, 0, 0, 0, 0, 0, 0]","{""CabinTemp"": 30.70177813093971, ""FanSpeed"": 0, ""ACStatus"": 0}"
0x123,EngineData,"[98, 18, 106, 77, 0, 0, 0, 0]","{""EngineSpeed"": 4706.647349840601, ""EngineTemp"": 106.18915110550216, ""BatteryLevel"": 77.45849541130127}"
0x125,ClimateControl,"[15, 0, 0, 0, 0, 0, 0, 0]","{""CabinTemp"": 15.077800345111367, ""FanSpeed"": 0, ""ACStatus"": 0}"
0x124,VehicleData,"[229, 0, 5, 148, 0, 0, 0, 0]","{""Speed"": 229.55283123900486, ""GearPosition"": 5, ""BatteryVoltage"": 404.73876944817926}"
0x125,ClimateControl,"[11, 3, 0, 0, 0, 0, 0, 0]","{""CabinTemp"": 11.50587427731977, ""FanSpeed"": 0, ""ACStatus"": 0}"
0x124,VehicleData,"[102, 0, 4, 123, 0, 0, 0, 0]","{""Speed"": 102.6541171473826, ""GearPosition"": 4, ""BatteryVoltage"": 379.3897673096817}"
0x124,VehicleData,"[194, 0, 2, 114, 0, 0, 0, 0]","{""Speed"": 194.8425897178936, ""GearPosition"": 2, ""BatteryVoltage"": 370.45487978029394}"
0x123,EngineData,"[137, 13, 113, 95, 0, 0, 0, 0]","{""EngineSpeed"": 3465.4820086590953, ""EngineTemp"": 113.22834003952727, ""BatteryLevel"": 95.6851074556684}"
0x124,VehicleData,"[0, 0, 0, 0, 0, 0, 0, 0]","{""Speed"": 50.508413754976445, ""GearPosition"": 3, ""BatteryVoltage"": 409.2443946727084}"
0x125,ClimateControl,"[0, 0, 0, 0, 0, 0, 0, 0]","{""CabinTemp"": 30.3, ""FanSpeed"": 5, ""ACStatus"": 1}"
0x125,ClimateControl,"[0, 0, 0, 0, 0, 0, 0, 0]","{""CabinTemp"": 16.5, ""FanSpeed"": 3, ""ACStatus"": 1}"
0x123,EngineData,"[0, 0, 0, 0, 0, 0, 0, 0]","{""EngineSpeed"": 2036.4995939475916, ""EngineTemp"": 106.65593891728338, ""BatteryLevel"": 49.18424919495826}"
0x125,ClimateControl,"[0, 0, 0, 0, 0, 0, 0, 0]","{""CabinTemp"": 29.7, ""FanSpeed"": 3, ""ACStatus"": 1}"
0x123,EngineData,"[0, 0, 0, 0, 0, 0, 0, 0]","{""EngineSpeed"": 3159.901736497703, ""EngineTemp"": 65.29522548570733, ""BatteryLevel"": 15.835308700603267}"
0x123,EngineData,"[0, 0, 0, 0, 0, 0, 0, 0]","{""EngineSpeed"": 4482.466250284903, ""EngineTemp"": 115.74347998920086, ""BatteryLevel"": 44.67726913665992}"
0x124,VehicleData,"[0, 0, 0, 0, 0, 0, 0, 0]","{""Speed"": 90.44022996985349, ""GearPosition"": 5, ""BatteryVoltage"": 400.6667602260017}"
0x123,EngineData,"[0, 0, 0, 0, 0, 0, 0, 0]","{""EngineSpeed"": 2803.481031444539, ""EngineTemp"": 98.89898998262262, ""BatteryLevel"": 50.02106678152081}"
0x123,EngineData,"[0, 0, 0, 0, 0, 0, 0, 0]","{""EngineSpeed"": 4091.086500409924, ""EngineTemp"": 85.3728064750943, ""BatteryLevel"": 97.28129591277957}"
0x125,ClimateControl,"[0, 0, 0, 0, 0, 0, 0, 0]","{""CabinTemp"": 14.1, ""FanSpeed"": 1, ""ACStatus"": 1}"
0x124,VehicleData,"[0, 0, 0, 0, 0, 0, 0, 0]","{""Speed"": 210.07720978779346, ""GearPosition"": 5, ""BatteryVoltage"": 398.47226327779964}"
0x124,VehicleData,"[0, 0, 0, 0, 0, 0, 0, 0]","{""Speed"": 167.144764820272, ""GearPosition"": 5, ""BatteryVoltage"": 368.24719719831444}"
0x125,ClimateControl,"[0, 0, 0, 0, 0, 0, 0, 0]","{""CabinTemp"": 14.7, ""FanSpeed"": 0, ""ACStatus"": 0}"
0x125,ClimateControl,"[0, 0, 0, 0, 0, 0, 0, 0]","{""CabinTemp"": 24.7, ""FanSpeed"": 1, ""ACStatus"": 1}"
0x125,ClimateControl,"[0, 0, 0, 0, 0, 0, 0, 0]","{""CabinTemp"": 20.6, ""FanSpeed"": 0, ""ACStatus"": 0}"
0x125,ClimateControl,"[0, 0, 0, 0, 0, 0, 0, 0]","{""CabinTemp"": 30.0, ""FanSpeed"": 4, ""ACStatus"": 1}"
0x123,EngineData,"[0, 0, 0, 0, 0, 0, 0, 0]","{""EngineSpeed"": 3268.5875043759665, ""EngineTemp"": 68.7527497925017, ""BatteryLevel"": 77.87155321465316}"
0x124,VehicleData,"[0, 0, 0, 0, 0, 0, 0, 0]","{""Speed"": 147.5800919820213, ""GearPosition"": 1, ""BatteryVoltage"": 412.23649311682726}"
0x125,ClimateControl,"[0, 0, 0, 0, 0, 0, 0, 0]","{""CabinTemp"": 10.8, ""FanSpeed"": 3, ""ACStatus"": 1}"
0x124,VehicleData,"[0, 0, 0, 0, 0, 0, 0, 0]","{""Speed"": 122.63840891893507, ""GearPosition"": 5, ""BatteryVoltage"": 405.499635630719}"
0x123,EngineData,"[0, 0, 0, 0, 0, 0, 0, 0]","{""EngineSpeed"": 4829.966308382473, ""EngineTemp"": 76.23583388086772, ""BatteryLevel"": 57.54449685212643}"
0x123,EngineData,"[0, 0, 0, 0, 0, 0, 0, 0]","{""EngineSpeed"": 3562.9863095811206, ""EngineTemp"": 98.47060354102746, ""BatteryLevel"": 50.9702852547501}"
0x125,ClimateControl,"[0, 0, 0, 0, 0, 0, 0, 0]","{""CabinTemp"": 34.3, ""FanSpeed"": 4, ""ACStatus"": 1}"
0x124,VehicleData,"[0, 0, 0, 0, 0, 0, 0, 0]","{""Speed"": 181.42184963880297, ""GearPosition"": 3, ""BatteryVoltage"": 372.7461848896602}"
0x125,ClimateControl,"[0, 0, 0, 0, 0, 0, 0, 0]","{""CabinTemp"": 14.6, ""FanSpeed"": 2, ""ACStatus"": 1}"
0x125,ClimateControl,"[0, 0, 0, 0, 0, 0, 0, 0]","{""CabinTemp"": 27.3, ""FanSpeed"": 3, ""ACStatus"": 1}"
0x123,EngineData,"[0, 0, 0, 0, 0, 0, 0, 0]","{""EngineSpeed"": 4362.281616701166, ""EngineTemp"": 67.61730597540898, ""BatteryLevel"": 66.93755658917945}"
0x124,VehicleData,"[0, 0, 0, 0, 0, 0, 0, 0]","{""Speed"": 169.7751818144569, ""GearPosition"": 4, ""BatteryVoltage"": 363.76445515569924}"
0x123,EngineData,"[0, 0, 0, 0, 0, 0, 0, 0]","{""EngineSpeed"": 2568.8233918299566, ""EngineTemp"": 111.26938715310492, ""BatteryLevel"": 29.330392323227585}"
0x124,VehicleData,"[0, 0, 0, 0, 0, 0, 0, 0]","{""Speed"": 79.91129907974768, ""GearPosition"": 4, ""BatteryVoltage"": 406.8886027021971}"
0x125,ClimateControl,"[0, 0, 0, 0, 0, 0, 0, 0]","{""CabinTemp"": 31.8, ""FanSpeed"": 5, ""ACStatus"": 1}"
0x125,ClimateControl,"[0, 0, 0, 0, 0, 0, 0, 0]","{""CabinTemp"": 30.2, ""FanSpeed"": 5, ""ACStatus"": 1}"
0x125,ClimateControl,"[0, 0, 0, 0, 0, 0, 0, 0]","{""CabinTemp"": 12.3, ""FanSpeed"": 1, ""ACStatus"": 1}"
0x124,VehicleData,"[0, 0, 0, 0, 0, 0, 0, 0]","{""Speed"": 67.21820308173062, ""GearPosition"": 2, ""BatteryVoltage"": 372.44696388624607}"
0x123,EngineData,"[0, 0, 0, 0, 0, 0, 0, 0]","{""EngineSpeed"": 1506.5735942711844, ""EngineTemp"": 66.8773533991385, ""BatteryLevel"": 78.18042158519852}"
0x124,VehicleData,"[0, 0, 0, 0, 0, 0, 0, 0]","{""Speed"": 4.028271191535877, ""GearPosition"": 4, ""BatteryVoltage"": 383.3695826270781}"
0x123,EngineData,"[0, 0, 0, 0, 0, 0, 0, 0]","{""EngineSpeed"": 1433.065027027974, ""EngineTemp"": 86.09368706813407, ""BatteryLevel"": 72.89746871281719}"
0x125,ClimateControl,"[0, 0, 0, 0, 0, 0, 0, 0]","{""CabinTemp"": 29.0, ""FanSpeed"": 4, ""ACStatus"": 1}"
0x124,VehicleData,"[0, 0, 0, 0, 0, 0, 0, 0]","{""Speed"": 237.17608912707516, ""GearPosition"": 4, ""BatteryVoltage"": 376.48513671965185}"
0x123,EngineData,"[0, 0, 0, 0, 0, 0, 0, 0]","{""EngineSpeed"": 4036.799657687122, ""EngineTemp"": 100.84633938542916, ""BatteryLevel"": 66.85507000916805}"
0x123,EngineData,"[0, 0, 0, 0, 0, 0, 0, 0]","{""EngineSpeed"": 1820.1950063907411, ""EngineTemp"": 93.23400527818936, ""BatteryLevel"": 26.388159030822834}"
0x124,VehicleData,"[0, 0, 0, 0, 0, 0, 0, 0]","{""Speed"": 131.61178462750138, ""GearPosition"": 1, ""BatteryVoltage"": 396.71791880521505}"
0x125,ClimateControl,"[0, 0, 0, 0, 0, 0, 0, 0]","{""CabinTemp"": 15.2, ""FanSpeed"": 1, ""ACStatus"": 1}"
0x125,ClimateControl,"[0, 0, 0, 0, 0, 0, 0, 0]","{""CabinTemp"": 25.4, ""FanSpeed"": 3, ""ACStatus"": 1}"
0x123,EngineData,"[0, 0, 0, 0, 0, 0, 0, 0]","{""EngineSpeed"": 4198.575562332167, ""EngineTemp"": 71.62354118077295, ""BatteryLevel"": 13.067940725317795}"
0x125,ClimateControl,"[0, 0, 0, 0, 0, 0, 0, 0]","{""CabinTemp"": 10.5, ""FanSpeed"": 2, ""ACStatus"": 1}"
0x125,ClimateControl,"[0, 0, 0, 0, 0, 0, 0, 0]","{""CabinTemp"": 20.3, ""FanSpeed"": 0, ""ACStatus"": 0}"
0x125,ClimateControl,"[0, 0, 0, 0, 0, 0, 0, 0]","{""CabinTemp"": 33.6, ""FanSpeed"": 4, ""ACStatus"": 1}"
0x124,VehicleData,"[0, 0, 0, 0, 0, 0, 0, 0]","{""Speed"": 122.50441778684593, ""GearPosition"": 4, ""BatteryVoltage"": 371.2900955876449}"
0x123,EngineData,"[0, 0, 0, 0, 0, 0, 0, 0]","{""EngineSpeed"": 2886.772918508989, ""EngineTemp"": 60.503389166410344, ""BatteryLevel"": 64.84160988302465}"
0x123,EngineData,"[0, 0, 0, 0, 0, 0, 0, 0]","{""EngineSpeed"": 5859.371087604469, ""EngineTemp"": 69.44044988749579, ""BatteryLevel"": 99.0247848583256}"
0x125,ClimateControl,"[0, 0, 0, 0, 0, 0, 0, 0]","{""CabinTemp"": 19.4, ""FanSpeed"": 1, ""ACStatus"": 1}"
0x125,ClimateControl,"[0, 0, 0, 0, 0, 0, 0, 0]","{""CabinTemp"": 22.8, ""FanSpeed"": 2, ""ACStatus"": 1}"
0x125,ClimateControl,"[0, 0, 0, 0, 0, 0, 0, 0]","{""CabinTemp"": 12.7, ""FanSpeed"": 1, ""ACStatus"": 1}"
0x123,EngineData,"[0, 0, 0, 0, 0, 0, 0, 0]","{""EngineSpeed"": 3918.34697047497, ""EngineTemp"": 66.72121238786536, ""BatteryLevel"": 25.646891944254357}"
0x123,EngineData,"[0, 0, 0, 0, 0, 0, 0, 0]","{""EngineSpeed"": 906.9384384104928, ""EngineTemp"": 94.34791472821476, ""BatteryLevel"": 71.37841765749067}"
0x124,VehicleData,"[0, 0, 0, 0, 0, 0, 0, 0]","{""Speed"": 111.67698865641326, ""GearPosition"": 4, ""BatteryVoltage"": 380.10964409605174}"
0x123,EngineData,"[0, 0, 0, 0, 0, 0, 0, 0]","{""EngineSpeed"": 5662.372032670053, ""EngineTemp"": 77.08540051737442, ""BatteryLevel"": 12.948619269712125}"
0x124,VehicleData,"[0, 0, 0, 0, 0, 0, 0, 0]","{""Speed"": 70.36465941745251, ""GearPosition"": 1, ""BatteryVoltage"": 404.40650279504143}"
0x124,VehicleData,"[0, 0, 0, 0, 0, 0, 0, 0]","{""Speed"": 179.079634591507, ""GearPosition"": 4, ""BatteryVoltage"": 361.7142099893845}"
0x124,VehicleData,"[0, 0, 0, 0, 0, 0, 0, 0]","{""Speed"": 94.33782907869565, ""GearPosition"": 1, ""BatteryVoltage"": 361.4126543207977}"
0x125,ClimateControl,"[0, 0, 0, 0, 0, 0, 0, 0]","{""CabinTemp"": 28.2, ""FanSpeed"": 3, ""ACStatus"": 1}"
0x123,EngineData,"[0, 0, 0, 0, 0, 0, 0, 0]","{""EngineSpeed"": 5680.9829797939765, ""EngineTemp"": 101.94976543610898, ""BatteryLevel"": 88.55971669491201}"
0x123,EngineData,"[0, 0, 0, 0, 0, 0, 0, 0]","{""EngineSpeed"": 5835.520767965605, ""EngineTemp"": 85.87385477409548, ""BatteryLevel"": 38.287340685088964}"
0x123,EngineData,"[0, 0, 0, 0, 0, 0, 0, 0]","{""EngineSpeed"": 2742.9274197368586, ""EngineTemp"": 63.11693655774539, ""BatteryLevel"": 70.57240613703529}"
0x124,VehicleData,"[0, 0, 0, 0, 0, 0, 0, 0]","{""Speed"": 94.84296580023492, ""GearPosition"": 1, ""BatteryVoltage"": 378.869439974093}"
0x124,VehicleData,"[0, 0, 0, 0, 0, 0, 0, 0]","{""Speed"": 16.419632375222424, ""GearPosition"": 4, ""BatteryVoltage"": 394.38730353759377}"
0x125,ClimateControl,"[0, 0, 0, 0, 0, 0, 0, 0]","{""CabinTemp"": 16.9, ""FanSpeed"": 1, ""ACStatus"": 1}"
0x125,ClimateControl,"[0, 0, 0, 0, 0, 0, 0, 0]","{""CabinTemp"": 25.4, ""FanSpeed"": 3, ""ACStatus"": 1}"
0x125,ClimateControl,"[0, 0, 0, 0, 0, 0, 0, 0]","{""CabinTemp"": 34.4, ""FanSpeed"": 4, ""ACStatus"": 1}"
0x125,ClimateControl,"[0, 0, 0, 0, 0, 0, 0, 0]","{""CabinTemp"": 25.8, ""FanSpeed"": 3, ""ACStatus"": 1}"
0x125,ClimateControl,"[0, 0, 0, 0, 0, 0, 0, 0]","{""CabinTemp"": 21.1, ""FanSpeed"": 1, ""ACStatus"": 1}"
0x124,VehicleData,"[0, 0, 0, 0, 0, 0, 0, 0]","{""Speed"": 191.0141793007599, ""GearPosition"": 2, ""BatteryVoltage"": 360.4641627651146}"
0x124,VehicleData,"[0, 0, 0, 0, 0, 0, 0, 0]","{""Speed"": 237.56894351023183, ""GearPosition"": 3, ""BatteryVoltage"": 405.1331167049427}"
0x123,EngineData,"[0, 0, 0, 0, 0, 0, 0, 0]","{""EngineSpeed"": 3947.9519621476848, ""EngineTemp"": 61.742528755413765, ""BatteryLevel"": 78.52759205035082}"
0x125,ClimateControl,"[0, 0, 0, 0, 0, 0, 0, 0]","{""CabinTemp"": 32.5, ""FanSpeed"": 4, ""ACStatus"": 1}"
0x124,VehicleData,"[0, 0, 0, 0, 0, 0, 0, 0]","{""Speed"": 235.76418477244204, ""GearPosition"": 2, ""BatteryVoltage"": 375.5526923249559}"
0x125,ClimateControl,"[0, 0, 0, 0, 0, 0, 0, 0]","{""CabinTemp"": 30.9, ""FanSpeed"": 0, ""ACStatus"": 0}"
0x125,ClimateControl,"[0, 0, 0, 0, 0, 0, 0, 0]","{""CabinTemp"": 34.3, ""FanSpeed"": 5, ""ACStatus"": 1}"
0x125,ClimateControl,"[0, 0, 0, 0, 0, 0, 0, 0]","{""CabinTemp"": 32.5, ""FanSpeed"": 4, ""ACStatus"": 1}"
0x123,EngineData,"[0, 0, 0, 0, 0, 0, 0, 0]","{""EngineSpeed"": 2196.9808676907587, ""EngineTemp"": 66.77359017934663, ""BatteryLevel"": 65.67676608584627}"
0x124,VehicleData,"[0, 0, 0, 0, 0, 0, 0, 0]","{""Speed"": 218.7041229716324, ""GearPosition"": 5, ""BatteryVoltage"": 417.95957049813717}"
0x123,EngineData,"[0, 0, 0, 0, 0, 0, 0, 0]","{""EngineSpeed"": 5329.543381892312, ""EngineTemp"": 92.68213530223574, ""BatteryLevel"": 73.44495546672084}"
0x124,VehicleData,"[0, 0, 0, 0, 0, 0, 0, 0]","{""Speed"": 21.21999396442967, ""GearPosition"": 3, ""BatteryVoltage"": 370.35394984046764}"
0x124,VehicleData,"[0, 0, 0, 0, 0, 0, 0, 0]","{""Speed"": 47.65905769695734, ""GearPosition"": 4, ""BatteryVoltage"": 412.62688255279164}"
0x124,VehicleData,"[0, 0, 0, 0, 0, 0, 0, 0]","{""Speed"": 141.14571481672198, ""GearPosition"": 1, ""BatteryVoltage"": 402.97802403241354}"
0x125,ClimateControl,"[0, 0, 0, 0, 0, 0, 0, 0]","{""CabinTemp"": 25.4, ""FanSpeed"": 4, ""ACStatus"": 1}"
0x124,VehicleData,"[0, 0, 0, 0, 0, 0, 0, 0]","{""Speed"": 160.33505808934132, ""GearPosition"": 4, ""BatteryVoltage"": 419.9416595893915}"
0x124,VehicleData,"[0, 0, 0, 0, 0, 0, 0, 0]","{""Speed"": 36.486791953895334, ""GearPosition"": 5, ""BatteryVoltage"": 367.9906336533706}"
0x125,ClimateControl,"[0, 0, 0, 0, 0, 0, 0, 0]","{""CabinTemp"": 10.8, ""FanSpeed"": 0, ""ACStatus"": 0}"
0x124,VehicleData,"[0, 0, 0, 0, 0, 0, 0, 0]","{""Speed"": 191.90508836316872, ""GearPosition"": 1, ""BatteryVoltage"": 412.58835962516133}"
0x123,EngineData,"[0, 0, 0, 0, 0, 0, 0, 0]","{""EngineSpeed"": 4920.471838566261, ""EngineTemp"": 98.1077993989989, ""BatteryLevel"": 54.52220274334329}"
0x124,VehicleData,"[0, 0, 0, 0, 0, 0, 0, 0]","{""Speed"": 131.32504494363457, ""GearPosition"": 5, ""BatteryVoltage"": 369.85889009595127}"
0x124,VehicleData,"[0, 0, 0, 0, 0, 0, 0, 0]","{""Speed"": 213.33867679017283, ""GearPosition"": 5, ""BatteryVoltage"": 406.7539923891312}"
0x125,ClimateControl,"[0, 0, 0, 0, 0, 0, 0, 0]","{""CabinTemp"": 34.3, ""FanSpeed"": 5, ""ACStatus"": 1}"
0x124,VehicleData,"[0, 0, 0, 0, 0, 0, 0, 0]","{""Speed"": 71.48172470400853, ""GearPosition"": 5, ""BatteryVoltage"": 364.2864762303176}"
0x125,ClimateControl,"[0, 0, 0, 0, 0, 0, 0, 0]","{""CabinTemp"": 34.4, ""FanSpeed"": 0, ""ACStatus"": 0}"
0x124,VehicleData,"[0, 0, 0, 0, 0, 0, 0, 0]","{""Speed"": 105.9380950491734, ""GearPosition"": 2, ""BatteryVoltage"": 377.5198589227649}"
0x124,VehicleData,"[0, 0, 0, 0, 0, 0, 0, 0]","{""Speed"": 174.21489789629516, ""GearPosition"": 5, ""BatteryVoltage"": 387.53767155494194}"
0x123,EngineData,"[0, 0, 0, 0, 0, 0, 0, 0]","{""EngineSpeed"": 1224.6261445501782, ""EngineTemp"": 113.9567189971987, ""BatteryLevel"": 16.050848988577037}"
0x125,ClimateControl,"[0, 0, 0, 0, 0, 0, 0, 0]","{""CabinTemp"": 19.3, ""FanSpeed"": 3, ""ACStatus"": 1}"
0x123,EngineData,"[0, 0, 0, 0, 0, 0, 0, 0]","{""EngineSpeed"": 1255.617937998298, ""EngineTemp"": 66.27672383239148, ""BatteryLevel"": 33.43849310433562}"
0x123,EngineData,"[0, 0, 0, 0, 0, 0, 0, 0]","{""EngineSpeed"": 2142.138608474638, ""EngineTemp"": 74.58779975895119, ""BatteryLevel"": 93.82323404975764}"
0x123,EngineData,"[0, 0, 0, 0, 0, 0, 0, 0]","{""EngineSpeed"": 1804.363799217703, ""EngineTemp"": 66.12989831252082, ""BatteryLevel"": 59.41633048752527}"
0x123,EngineData,"[0, 0, 0, 0, 0, 0, 0, 0]","{""EngineSpeed"": 4266.066296581814, ""EngineTemp"": 77.87980618405953, ""BatteryLevel"": 39.02000453621059}"
0x125,ClimateControl,"[0, 0, 0, 0, 0, 0, 0, 0]","{""CabinTemp"": 10.2, ""FanSpeed"": 0, ""ACStatus"": 0}"
0x125,ClimateControl,"[0, 0, 0, 0, 0, 0, 0, 0]","{""CabinTemp"": 33.7, ""FanSpeed"": 5, ""ACStatus"": 1}"
0x123,EngineData,"[0, 0, 0, 0, 0, 0, 0, 0]","{""EngineSpeed"": 1313.156311228252, ""EngineTemp"": 90.04274392002357, ""BatteryLevel"": 12.969345507847496}"
0x125,ClimateControl,"[0, 0, 0, 0, 0, 0, 0, 0]","{""CabinTemp"": 14.5, ""FanSpeed"": 0, ""ACStatus"": 0}"
0x125,ClimateControl,"[0, 0, 0, 0, 0, 0, 0, 0]","{""CabinTemp"": 13.7, ""FanSpeed"": 2, ""ACStatus"": 1}"
0x125,ClimateControl,"[0, 0, 0, 0, 0, 0, 0, 0]","{""CabinTemp"": 33.4, ""FanSpeed"": 4, ""ACStatus"": 1}"
0x125,ClimateControl,"[0, 0, 0, 0, 0, 0, 0, 0]","{""CabinTemp"": 24.8, ""FanSpeed"": 1, ""ACStatus"": 1}"
0x124,VehicleData,"[0, 0, 0, 0, 0, 0, 0, 0]","{""Speed"": 172.8282324388398, ""GearPosition"": 4, ""BatteryVoltage"": 370.6576076292789}"
0x123,EngineData,"[0, 0, 0, 0, 0, 0, 0, 0]","{""EngineSpeed"": 5727.232202881741, ""EngineTemp"": 90.76305600265326, ""BatteryLevel"": 70.45635134473434}"
0x125,ClimateControl,"[0, 0, 0, 0, 0, 0, 0, 0]","{""CabinTemp"": 28.5, ""FanSpeed"": 4, ""ACStatus"": 1}"
0x124,VehicleData,"[0, 0, 0, 0, 0, 0, 0, 0]","{""Speed"": 78.582828949785, ""GearPosition"": 1, ""BatteryVoltage"": 409.20070845850165}"
0x124,VehicleData,"[0, 0, 0, 0, 0, 0, 0, 0]","{""Speed"": 230.24797001892, ""GearPosition"": 3, ""BatteryVoltage"": 398.78517709122497}"
0x125,ClimateControl,"[0, 0, 0, 0, 0, 0, 0, 0]","{""CabinTemp"": 20.8, ""FanSpeed"": 3, ""ACStatus"": 1}"
0x125,ClimateControl,"[0, 0, 0, 0, 0, 0, 0, 0]","{""CabinTemp"": 28.2, ""FanSpeed"": 4, ""ACStatus"": 1}"
0x123,EngineData,"[0, 0, 0, 0, 0, 0, 0, 0]","{""EngineSpeed"": 3561.305718279549, ""EngineTemp"": 96.51721907785243, ""BatteryLevel"": 54.88929480717915}"
0x124,VehicleData,"[0, 0, 0, 0, 0, 0, 0, 0]","{""Speed"": 224.9071090181907, ""GearPosition"": 3, ""BatteryVoltage"": 375.72366220613463}"
0x124,VehicleData,"[0, 0, 0, 0, 0, 0, 0, 0]","{""Speed"": 42.14723164644833, ""GearPosition"": 2, ""BatteryVoltage"": 362.16299393382934}"
0x124,VehicleData,"[0, 0, 0, 0, 0, 0, 0, 0]","{""Speed"": 204.72947785257034, ""GearPosition"": 1, ""BatteryVoltage"": 394.85433618644214}"
0x125,ClimateControl,"[0, 0, 0, 0, 0, 0, 0, 0]","{""CabinTemp"": 23.0, ""FanSpeed"": 3, ""ACStatus"": 1}"
0x125,ClimateControl,"[0, 0, 0, 0, 0, 0, 0, 0]","{""CabinTemp"": 25.6, ""FanSpeed"": 3, ""ACStatus"": 1}"
0x124,VehicleData,"[0, 0, 0, 0, 0, 0, 0, 0]","{""Speed"": 152.62000452440486, ""GearPosition"": 1, ""BatteryVoltage"": 412.87926859439267}"
0x125,ClimateControl,"[0, 0, 0, 0, 0, 0, 0, 0]","{""CabinTemp"": 20.2, ""FanSpeed"": 0, ""ACStatus"": 0}"
0x123,EngineData,"[0, 0, 0, 0, 0, 0, 0, 0]","{""EngineSpeed"": 1402.3782896986454, ""EngineTemp"": 93.73448363678716, ""BatteryLevel"": 49.35375605358024}"
0x125,ClimateControl,"[0, 0, 0, 0, 0, 0, 0, 0]","{""CabinTemp"": 11.0, ""FanSpeed"": 3, ""ACStatus"": 1}"
0x123,EngineData,"[0, 0, 0, 0, 0, 0, 0, 0]","{""EngineSpeed"": 4699.533919426226, ""EngineTemp"": 106.441480427051, ""BatteryLevel"": 45.21047456238051}"
0x125,ClimateControl,"[0, 0, 0, 0, 0, 0, 0, 0]","{""CabinTemp"": 16.1, ""FanSpeed"": 2, ""ACStatus"": 1}"
0x125,ClimateControl,"[0, 0, 0, 0, 0, 0, 0, 0]","{""CabinTemp"": 22.9, ""FanSpeed"": 0, ""ACStatus"": 0}"
0x123,EngineData,"[0, 0, 0, 0, 0, 0, 0, 0]","{""EngineSpeed"": 2942.4355075209965, ""EngineTemp"": 66.6665298308866, ""BatteryLevel"": 37.47386710197767}"
0x124,VehicleData,"[0, 0, 0, 0, 0, 0, 0, 0]","{""Speed"": 58.663686050241985, ""GearPosition"": 2, ""BatteryVoltage"": 393.42026775595235}"
0x123,EngineData,"[0, 0, 0, 0, 0, 0, 0, 0]","{""EngineSpeed"": 3711.774044384033, ""EngineTemp"": 114.89582515371394, ""BatteryLevel"": 94.64445943901238}"
0x125,ClimateControl,"[0, 0, 0, 0, 0, 0, 0, 0]","{""CabinTemp"": 32.2, ""FanSpeed"": 5, ""ACStatus"": 1}"
0x123,EngineData,"[0, 0, 0, 0, 0, 0, 0, 0]","{""EngineSpeed"": 2101.8336260069746, ""EngineTemp"": 98.00837698590806, ""BatteryLevel"": 92.97304109288291}"
0x125,ClimateControl,"[0, 0, 0, 0, 0, 0, 0, 0]","{""CabinTemp"": 20.5, ""FanSpeed"": 0, ""ACStatus"": 0}"
0x124,VehicleData,"[0, 0, 0, 0, 0, 0, 0, 0]","{""Speed"": 10.031801610860098, ""GearPosition"": 2, ""BatteryVoltage"": 366.9232183186876}"
0x124,VehicleData,"[0, 0, 0, 0, 0, 0, 0, 0]","{""Speed"": 140.9217990790342, ""GearPosition"": 3, ""BatteryVoltage"": 375.14825886646463}"
0x125,ClimateControl,"[0, 0, 0, 0, 0, 0, 0, 0]","{""CabinTemp"": 15.8, ""FanSpeed"": 3, ""ACStatus"": 1}"
0x123,EngineData,"[0, 0, 0, 0, 0, 0, 0, 0]","{""EngineSpeed"": 1470.8944249412402, ""EngineTemp"": 112.53887849350332, ""BatteryLevel"": 2.990882167099107}"
0x123,EngineData,"[0, 0, 0, 0, 0, 0, 0, 0]","{""EngineSpeed"": 5261.438923974286, ""EngineTemp"": 118.93302722707853, ""BatteryLevel"": 3.504213723471483}"
0x125,ClimateControl,"[0, 0, 0, 0, 0, 0, 0, 0]","{""CabinTemp"": 19.2, ""FanSpeed"": 3, ""ACStatus"": 1}"
0x123,EngineData,"[0, 0, 0, 0, 0, 0, 0, 0]","{""EngineSpeed"": 5544.334328464838, ""EngineTemp"": 71.9218120647309, ""BatteryLevel"": 75.93931973623455}"
0x125,ClimateControl,"[0, 0, 0, 0, 0, 0, 0, 0]","{""CabinTemp"": 17.6, ""FanSpeed"": 0, ""ACStatus"": 0}"
0x123,EngineData,"[0, 0, 0, 0, 0, 0, 0, 0]","{""EngineSpeed"": 5117.739452552246, ""EngineTemp"": 60.53567837769223, ""BatteryLevel"": 45.56170063948577}"
0x123,EngineData,"[0, 0, 0, 0, 0, 0, 0, 0]","{""EngineSpeed"": 5605.047231893668, ""EngineTemp"": 101.11934108976601, ""BatteryLevel"": 21.470648058563057}"
0x123,EngineData,"[0, 0, 0, 0, 0, 0, 0, 0]","{""EngineSpeed"": 4616.765967191317, ""EngineTemp"": 109.67629502200832, ""BatteryLevel"": 74.31992177616905}"
0x124,VehicleData,"[0, 0, 0, 0, 0, 0, 0, 0]","{""Speed"": 32.24828838083984, ""GearPosition"": 3, ""BatteryVoltage"": 381.3404523992263}"
0x123,EngineData,"[0, 0, 0, 0, 0, 0, 0, 0]","{""EngineSpeed"": 5713.114134766307, ""EngineTemp"": 94.96955294019435, ""BatteryLevel"": 48.953545077582305}"
0x125,ClimateControl,"[0, 0, 0, 0, 0, 0, 0, 0]","{""CabinTemp"": 27.3, ""FanSpeed"": 3, ""ACStatus"": 1}"
0x124,VehicleData,"[0, 0, 0, 0, 0, 0, 0, 0]","{""Speed"": 122.20888967473617, ""GearPosition"": 3, ""BatteryVoltage"": 373.13483683278963}"
0x125,ClimateControl,"[0, 0, 0, 0, 0, 0, 0, 0]","{""CabinTemp"": 29.7, ""FanSpeed"": 4, ""ACStatus"": 1}"
0x124,VehicleData,"[0, 0, 0, 0, 0, 0, 0, 0]","{""Speed"": 43.041891388670884, ""GearPosition"": 1, ""BatteryVoltage"": 395.1942832982314}"
0x123,EngineData,"[0, 0, 0, 0, 0, 0, 0, 0]","{""EngineSpeed"": 5476.754546003069, ""EngineTemp"": 102.76063269180177, ""BatteryLevel"": 34.260782580610524}"
0x124,VehicleData,"[0, 0, 0, 0, 0, 0, 0, 0]","{""Speed"": 121.59099145381889, ""GearPosition"": 1, ""BatteryVoltage"": 415.9624731025195}"
0x125,ClimateControl,"[0, 0, 0, 0, 0, 0, 0, 0]","{""CabinTemp"": 11.0, ""FanSpeed"": 1, ""ACStatus"": 1}"
0x123,EngineData,"[0, 0, 0, 0, 0, 0, 0, 0]","{""EngineSpeed"": 2047.6429520162321, ""EngineTemp"": 70.65408028114645, ""BatteryLevel"": 6.488489323648539}"
0x125,ClimateControl,"[0, 0, 0, 0, 0, 0, 0, 0]","{""CabinTemp"": 13.9, ""FanSpeed"": 2, ""ACStatus"": 1}"
0x125,ClimateControl,"[0, 0, 0, 0, 0, 0, 0, 0]","{""CabinTemp"": 32.2, ""FanSpeed"": 0, ""ACStatus"": 0}"
0x124,VehicleData,"[0, 0, 0, 0, 0, 0, 0, 0]","{""Speed"": 72.18973968736485, ""GearPosition"": 2, ""BatteryVoltage"": 418.2986407168364}"
0x124,VehicleData,"[0, 0, 0, 0, 0, 0, 0, 0]","{""Speed"": 222.39511267535264, ""GearPosition"": 1, ""BatteryVoltage"": 400.5795371916241}"
0x125,ClimateControl,"[0, 0, 0, 0, 0, 0, 0, 0]","{""CabinTemp"": 19.5, ""FanSpeed"": 2, ""ACStatus"": 1}"
0x124,VehicleData,"[0, 0, 0, 0, 0, 0, 0, 0]","{""Speed"": 71.50776644789332, ""GearPosition"": 3, ""BatteryVoltage"": 381.4967404913421}"
0x123,EngineData,"[0, 0, 0, 0, 0, 0, 0, 0]","{""EngineSpeed"": 1845.8495697511712, ""EngineTemp"": 84.45556696547786, ""BatteryLevel"": 14.869949970320251}"
0x123,EngineData,"[0, 0, 0, 0, 0, 0, 0, 0]","{""EngineSpeed"": 3016.049856459049, ""EngineTemp"": 112.69383917313232, ""BatteryLevel"": 88.0414965772739}"
0x123,EngineData,"[0, 0, 0, 0, 0, 0, 0, 0]","{""EngineSpeed"": 1227.738094039088, ""EngineTemp"": 109.50143842076878, ""BatteryLevel"": 11.037788654958437}"
0x124,VehicleData,"[0, 0, 0, 0, 0, 0, 0, 0]","{""Speed"": 83.88042012482062, ""GearPosition"": 1, ""BatteryVoltage"": 383.06882230755485}"
0x125,ClimateControl,"[0, 0, 0, 0, 0, 0, 0, 0]","{""CabinTemp"": 28.8, ""FanSpeed"": 3, ""ACStatus"": 1}"
0x125,ClimateControl,"[0, 0, 0, 0, 0, 0, 0, 0]","{""CabinTemp"": 17.8, ""FanSpeed"": 0, ""ACStatus"": 0}"
0x125,ClimateControl,"[0, 0, 0, 0, 0, 0, 0, 0]","{""CabinTemp"": 15.5, ""FanSpeed"": 2, ""ACStatus"": 1}"
0x124,VehicleData,"[0, 0, 0, 0, 0, 0, 0, 0]","{""Speed"": 45.63354221186223, ""GearPosition"": 4, ""BatteryVoltage"": 368.87423809602177}"
0x125,ClimateControl,"[0, 0, 0, 0, 0, 0, 0, 0]","{""CabinTemp"": 14.1, ""FanSpeed"": 0, ""ACStatus"": 0}"
0x124,VehicleData,"[0, 0, 0, 0, 0, 0, 0, 0]","{""Speed"": 212.39917397201995, ""GearPosition"": 4, ""BatteryVoltage"": 360.4609510891068}"
0x124,VehicleData,"[0, 0, 0, 0, 0, 0, 0, 0]","{""Speed"": 28.676014426084578, ""GearPosition"": 1, ""BatteryVoltage"": 380.6629642281167}"
0x125,ClimateControl,"[0, 0, 0, 0, 0, 0, 0, 0]","{""CabinTemp"": 11.6, ""FanSpeed"": 3, ""ACStatus"": 1}"
0x123,EngineData,"[0, 0, 0, 0, 0, 0, 0, 0]","{""EngineSpeed"": 5903.588848003096, ""EngineTemp"": 89.67575816669229, ""BatteryLevel"": 30.879243283418546}"
0x123,EngineData,"[0, 0, 0, 0, 0, 0, 0, 0]","{""EngineSpeed"": 3193.7102335816166, ""EngineTemp"": 102.34133440122979, ""BatteryLevel"": 94.39352829953434}"
0x124,VehicleData,"[0, 0, 0, 0, 0, 0, 0, 0]","{""Speed"": 18.620317657224497, ""GearPosition"": 3, ""BatteryVoltage"": 398.7078040373607}"
0x124,VehicleData,"[0, 0, 0, 0, 0, 0, 0, 0]","{""Speed"": 50.973846549117674, ""GearPosition"": 4, ""BatteryVoltage"": 361.26005026518374}"
0x124,VehicleData,"[0, 0, 0, 0, 0, 0, 0, 0]","{""Speed"": 129.47789246779206, ""GearPosition"": 1, ""BatteryVoltage"": 364.25790619631863}"
0x123,EngineData,"[0, 0, 0, 0, 0, 0, 0, 0]","{""EngineSpeed"": 2359.2182303249447, ""EngineTemp"": 107.90233030957422, ""BatteryLevel"": 96.88684611354083}"
0x125,ClimateControl,"[0, 0, 0, 0, 0, 0, 0, 0]","{""CabinTemp"": 28.8, ""FanSpeed"": 4, ""ACStatus"": 1}"
0x124,VehicleData,"[0, 0, 0, 0, 0, 0, 0, 0]","{""Speed"": 34.82617356757744, ""GearPosition"": 1, ""BatteryVoltage"": 394.70742361003715}"
0x124,VehicleData,"[0, 0, 0, 0, 0, 0, 0, 0]","{""Speed"": 144.53028837495822, ""GearPosition"": 3, ""BatteryVoltage"": 419.430205323423}"
0x124,VehicleData,"[0, 0, 0, 0, 0, 0, 0, 0]","{""Speed"": 206.91189140938639, ""GearPosition"": 1, ""BatteryVoltage"": 372.54350636721585}"
0x125,ClimateControl,"[0, 0, 0, 0, 0, 0, 0, 0]","{""CabinTemp"": 23.4, ""FanSpeed"": 0, ""ACStatus"": 0}"
0x124,VehicleData,"[0, 0, 0, 0, 0, 0, 0, 0]","{""Speed"": 161.70613171953886, ""GearPosition"": 3, ""BatteryVoltage"": 395.4158060282769}"
0x124,VehicleData,"[0, 0, 0, 0, 0, 0, 0, 0]","{""Speed"": 63.99917235829332, ""GearPosition"": 3, ""BatteryVoltage"": 388.93343493752826}"
0x124,VehicleData,"[0, 0, 0, 0, 0, 0, 0, 0]","{""Speed"": 48.14012193620934, ""GearPosition"": 5, ""BatteryVoltage"": 384.16599241520703}"
0x124,VehicleData,"[0, 0, 0, 0, 0, 0, 0, 0]","{""Speed"": 116.3816301671332, ""GearPosition"": 2, ""BatteryVoltage"": 408.6097469492124}"
0x125,ClimateControl,"[0, 0, 0, 0, 0, 0, 0, 0]","{""CabinTemp"": 16.6, ""FanSpeed"": 1, ""ACStatus"": 1}"
0x123,EngineData,"[0, 0, 0, 0, 0, 0, 0, 0]","{""EngineSpeed"": 1249.3146052597262, ""EngineTemp"": 98.55823993471294, ""BatteryLevel"": 89.75769462583334}"
0x125,ClimateControl,"[0, 0, 0, 0, 0, 0, 0, 0]","{""CabinTemp"": 29.1, ""FanSpeed"": 4, ""ACStatus"": 1}"
0x123,EngineData,"[0, 0, 0, 0, 0, 0, 0, 0]","{""EngineSpeed"": 5181.576159723243, ""EngineTemp"": 60.926448157949984, ""BatteryLevel"": 83.1974138313026}"
0x125,ClimateControl,"[0, 0, 0, 0, 0, 0, 0, 0]","{""CabinTemp"": 21.1, ""FanSpeed"": 0, ""ACStatus"": 0}"
0x124,VehicleData,"[0, 0, 0, 0, 0, 0, 0, 0]","{""Speed"": 86.049067496562, ""GearPosition"": 2, ""BatteryVoltage"": 371.0938598114071}"
0x124,VehicleData,"[0, 0, 0, 0, 0, 0, 0, 0]","{""Speed"": 108.2490155374992, ""GearPosition"": 3, ""BatteryVoltage"": 399.3776832728212}"
0x123,EngineData,"[0, 0, 0, 0, 0, 0, 0, 0]","{""EngineSpeed"": 5765.027636517385, ""EngineTemp"": 106.51844165557154, ""BatteryLevel"": 48.527361229087695}"
0x124,VehicleData,"[0, 0, 0, 0, 0, 0, 0, 0]","{""Speed"": 157.36069165843202, ""GearPosition"": 2, ""BatteryVoltage"": 414.1253223276788}"
0x125,ClimateControl,"[0, 0, 0, 0, 0, 0, 0, 0]","{""CabinTemp"": 24.2, ""FanSpeed"": 3, ""ACStatus"": 1}"
0x125,ClimateControl,"[0, 0, 0, 0, 0, 0, 0, 0]","{""CabinTemp"": 30.2, ""FanSpeed"": 5, ""ACStatus"": 1}"
0x123,EngineData,"[0, 0, 0, 0, 0, 0, 0, 0]","{""EngineSpeed"": 5663.712390822185, ""EngineTemp"": 105.0962660819406, ""BatteryLevel"": 60.83743984323217}"
0x125,ClimateControl,"[0, 0, 0, 0, 0, 0, 0, 0]","{""CabinTemp"": 24.8, ""FanSpeed"": 2, ""ACStatus"": 1}"
0x125,ClimateControl,"[0, 0, 0, 0, 0, 0, 0, 0]","{""CabinTemp"": 31.2, ""FanSpeed"": 0, ""ACStatus"": 0}"
0x125,ClimateControl,"[0, 0, 0, 0, 0, 0, 0, 0]","{""CabinTemp"": 20.5, ""FanSpeed"": 1, ""ACStatus"": 1}"
0x125,ClimateControl,"[0, 0, 0, 0, 0, 0, 0, 0]","{""CabinTemp"": 13.6, ""FanSpeed"": 2, ""ACStatus"": 1}"
0x125,ClimateControl,"[0, 0, 0, 0, 0, 0, 0, 0]","{""CabinTemp"": 10.2, ""FanSpeed"": 2, ""ACStatus"": 1}"
0x124,VehicleData,"[0, 0, 0, 0, 0, 0, 0, 0]","{""Speed"": 228.64297832162904, ""GearPosition"": 3, ""BatteryVoltage"": 389.1387994610547}"
0x125,ClimateControl,"[0, 0, 0, 0, 0, 0, 0, 0]","{""CabinTemp"": 22.5, ""FanSpeed"": 3, ""ACStatus"": 1}"
0x125,ClimateControl,"[0, 0, 0, 0, 0, 0, 0, 0]","{""CabinTemp"": 19.9, ""FanSpeed"": 0, ""ACStatus"": 0}"
0x125,ClimateControl,"[0, 0, 0, 0, 0, 0, 0, 0]","{""CabinTemp"": 14.9, ""FanSpeed"": 0, ""ACStatus"": 0}"
0x124,VehicleData,"[0, 0, 0, 0, 0, 0, 0, 0]","{""Speed"": 157.54382636030198, ""GearPosition"": 2, ""BatteryVoltage"": 394.56186239619547}"
0x124,VehicleData,"[0, 0, 0, 0, 0, 0, 0, 0]","{""Speed"": 48.13509619501091, ""GearPosition"": 1, ""BatteryVoltage"": 417.1542318888006}"
0x125,ClimateControl,"[0, 0, 0, 0, 0, 0, 0, 0]","{""CabinTemp"": 16.2, ""FanSpeed"": 2, ""ACStatus"": 1}"
0x124,VehicleData,"[0, 0, 0, 0, 0, 0, 0, 0]","{""Speed"": 147.94944150806054, ""GearPosition"": 5, ""BatteryVoltage"": 404.73433503031896}"
0x125,ClimateControl,"[0, 0, 0, 0, 0, 0, 0, 0]","{""CabinTemp"": 11.2, ""FanSpeed"": 2, ""ACStatus"": 1}"
0x123,EngineData,"[0, 0, 0, 0, 0, 0, 0, 0]","{""EngineSpeed"": 3225.1293821015497, ""EngineTemp"": 100.86368436400079, ""BatteryLevel"": 74.05902385726432}"
0x124,VehicleData,"[0, 0, 0, 0, 0, 0, 0, 0]","{""Speed"": 165.54896874772888, ""GearPosition"": 1, ""BatteryVoltage"": 409.8208980390685}"
0x125,ClimateControl,"[0, 0, 0, 0, 0, 0, 0, 0]","{""CabinTemp"": 29.1, ""FanSpeed"": 3, ""ACStatus"": 1}"
0x125,ClimateControl,"[0, 0, 0, 0, 0, 0, 0, 0]","{""CabinTemp"": 23.4, ""FanSpeed"": 2, ""ACStatus"": 1}"
0x124,VehicleData,"[0, 0, 0, 0, 0, 0, 0, 0]","{""Speed"": 218.8911138790301, ""GearPosition"": 4, ""BatteryVoltage"": 390.8697045259606}"
0x125,ClimateControl,"[0, 0, 0, 0, 0, 0, 0, 0]","{""CabinTemp"": 26.7, ""FanSpeed"": 4, ""ACStatus"": 1}"
0x124,VehicleData,"[0, 0, 0, 0, 0, 0, 0, 0]","{""Speed"": 49.10326787953119, ""GearPosition"": 4, ""BatteryVoltage"": 406.83395938945546}"
0x123,EngineData,"[0, 0, 0, 0, 0, 0, 0, 0]","{""EngineSpeed"": 2954.5322193309494, ""EngineTemp"": 110.14723245109833, ""BatteryLevel"": 47.55053688131605}"
0x123,EngineData,"[0, 0, 0, 0, 0, 0, 0, 0]","{""EngineSpeed"": 2845.2172149747744, ""EngineTemp"": 102.65329726359465, ""BatteryLevel"": 64.02504425767083}"
0x125,ClimateControl,"[0, 0, 0, 0, 0, 0, 0, 0]","{""CabinTemp"": 24.4, ""FanSpeed"": 1, ""ACStatus"": 1}"
0x125,ClimateControl,"[0, 0, 0, 0, 0, 0, 0, 0]","{""CabinTemp"": 25.0, ""FanSpeed"": 1, ""ACStatus"": 1}"
0x124,VehicleData,"[0, 0, 0, 0, 0, 0, 0, 0]","{""Speed"": 6.581955594762441, ""GearPosition"": 3, ""BatteryVoltage"": 372.7452458287943}"
0x123,EngineData,"[0, 0, 0, 0, 0, 0, 0, 0]","{""EngineSpeed"": 2439.743948340508, ""EngineTemp"": 85.99328437107539, ""BatteryLevel"": 6.940525883671622}"
0x123,EngineData,"[0, 0, 0, 0, 0, 0, 0, 0]","{""EngineSpeed"": 4632.156044487687, ""EngineTemp"": 75.25760056466824, ""BatteryLevel"": 17.68487614174298}"
0x123,EngineData,"[0, 0, 0, 0, 0, 0, 0, 0]","{""EngineSpeed"": 2158.672169525442, ""EngineTemp"": 73.94425304001021, ""BatteryLevel"": 67.72657318567289}"
0x123,EngineData,"[0, 0, 0, 0, 0, 0, 0, 0]","{""EngineSpeed"": 954.5196040090455, ""EngineTemp"": 64.17675689383901, ""BatteryLevel"": 17.179401155754682}"
0x123,EngineData,"[0, 0, 0, 0, 0, 0, 0, 0]","{""EngineSpeed"": 1560.2486324138677, ""EngineTemp"": 89.89038377885596, ""BatteryLevel"": 37.67646495516724}"
0x125,ClimateControl,"[0, 0, 0, 0, 0, 0, 0, 0]","{""CabinTemp"": 28.4, ""FanSpeed"": 3, ""ACStatus"": 1}"
0x125,ClimateControl,"[0, 0, 0, 0, 0, 0, 0, 0]","{""CabinTemp"": 31.1, ""FanSpeed"": 5, ""ACStatus"": 1}"
0x123,EngineData,"[0, 0, 0, 0, 0, 0, 0, 0]","{""EngineSpeed"": 4107.626803725315, ""EngineTemp"": 89.66272830364142, ""BatteryLevel"": 64.76841854522904}"
0x124,VehicleData,"[0, 0, 0, 0, 0, 0, 0, 0]","{""Speed"": 125.5170142457969, ""GearPosition"": 2, ""BatteryVoltage"": 405.1047497702192}"
0x124,VehicleData,"[0, 0, 0, 0, 0, 0, 0, 0]","{""Speed"": 215.88389433860684, ""GearPosition"": 3, ""BatteryVoltage"": 405.7351249922433}"
0x123,EngineData,"[0, 0, 0, 0, 0, 0, 0, 0]","{""EngineSpeed"": 5455.739299926786, ""EngineTemp"": 109.71277820252843, ""BatteryLevel"": 7.914215002732561}"
0x125,ClimateControl,"[0, 0, 0, 0, 0, 0, 0, 0]","{""CabinTemp"": 19.8, ""FanSpeed"": 2, ""ACStatus"": 1}"
0x124,VehicleData,"[0, 0, 0, 0, 0, 0, 0, 0]","{""Speed"": 226.85283939802127, ""GearPosition"": 3, ""BatteryVoltage"": 384.2374572634696}"
0x125,ClimateControl,"[0, 0, 0, 0, 0, 0, 0, 0]","{""CabinTemp"": 18.0, ""FanSpeed"": 1, ""ACStatus"": 1}"
0x125,ClimateControl,"[0, 0, 0, 0, 0, 0, 0, 0]","{""CabinTemp"": 11.2, ""FanSpeed"": 3, ""ACStatus"": 1}"
0x124,VehicleData,"[0, 0, 0, 0, 0, 0, 0, 0]","{""Speed"": 171.5020792546582, ""GearPosition"": 2, ""BatteryVoltage"": 379.7019582713958}"
0x125,ClimateControl,"[0, 0, 0, 0, 0, 0, 0, 0]","{""CabinTemp"": 33.7, ""FanSpeed"": 0, ""ACStatus"": 0}"
0x123,EngineData,"[0, 0, 0, 0, 0, 0, 0, 0]","{""EngineSpeed"": 2824.3298516163354, ""EngineTemp"": 61.437395191451735, ""BatteryLevel"": 26.174520357307152}"
0x124,VehicleData,"[0, 0, 0, 0, 0, 0, 0, 0]","{""Speed"": 197.67681178117178, ""GearPosition"": 1, ""BatteryVoltage"": 402.52118905969576}"
0x123,EngineData,"[0, 0, 0, 0, 0, 0, 0, 0]","{""EngineSpeed"": 2177.951661150532, ""EngineTemp"": 75.26820362639926, ""BatteryLevel"": 7.706722733814953}"
0x125,ClimateControl,"[0, 0, 0, 0, 0, 0, 0, 0]","{""CabinTemp"": 26.1, ""FanSpeed"": 4, ""ACStatus"": 1}"
0x124,VehicleData,"[0, 0, 0, 0, 0, 0, 0, 0]","{""Speed"": 133.26518611020234, ""GearPosition"": 5, ""BatteryVoltage"": 402.86474111076086}"
0x123,EngineData,"[0, 0, 0, 0, 0, 0, 0, 0]","{""EngineSpeed"": 1412.9151725829192, ""EngineTemp"": 114.98975663388062, ""BatteryLevel"": 40.26153586173605}"
0x125,ClimateControl,"[0, 0, 0, 0, 0, 0, 0, 0]","{""CabinTemp"": 32.2, ""FanSpeed"": 0, ""ACStatus"": 0}"
0x124,VehicleData,"[0, 0, 0, 0, 0, 0, 0, 0]","{""Speed"": 175.98940377841907, ""GearPosition"": 3, ""BatteryVoltage"": 375.14058167547313}"
0x124,VehicleData,"[0, 0, 0, 0, 0, 0, 0, 0]","{""Speed"": 183.5339762202254, ""GearPosition"": 1, ""BatteryVoltage"": 404.40071178330925}"
0x124,VehicleData,"[0, 0, 0, 0, 0, 0, 0, 0]","{""Speed"": 38.7299508595811, ""GearPosition"": 5, ""BatteryVoltage"": 418.23759964781476}"
0x124,VehicleData,"[0, 0, 0, 0, 0, 0, 0, 0]","{""Speed"": 183.98505549056878, ""GearPosition"": 4, ""BatteryVoltage"": 396.30615393756165}"
0x125,ClimateControl,"[0, 0, 0, 0, 0, 0, 0, 0]","{""CabinTemp"": 31.0, ""FanSpeed"": 4, ""ACStatus"": 1}"
0x125,ClimateControl,"[0, 0, 0, 0, 0, 0, 0, 0]","{""CabinTemp"": 11.9, ""FanSpeed"": 3, ""ACStatus"": 1}"
0x123,EngineData,"[0, 0, 0, 0, 0, 0, 0, 0]","{""EngineSpeed"": 1618.5143370048452, ""EngineTemp"": 74.98651700172714, ""BatteryLevel"": 85.83965711315503}"
0x124,VehicleData,"[0, 0, 0, 0, 0, 0, 0, 0]","{""Speed"": 195.52654745712567, ""GearPosition"": 1, ""BatteryVoltage"": 408.0749503495988}"
0x124,VehicleData,"[0, 0, 0, 0, 0, 0, 0, 0]","{""Speed"": 160.26603190440875, ""GearPosition"": 2, ""BatteryVoltage"": 377.45801235356663}"
0x125,ClimateControl,"[0, 0, 0, 0, 0, 0, 0, 0]","{""CabinTemp"": 20.8, ""FanSpeed"": 0, ""ACStatus"": 0}"
0x123,EngineData,"[0, 0, 0, 0, 0, 0, 0, 0]","{""EngineSpeed"": 5966.813451007172, ""EngineTemp"": 77.21626703737672, ""BatteryLevel"": 30.775376999786975}"
0x123,EngineData,"[0, 0, 0, 0, 0, 0, 0, 0]","{""EngineSpeed"": 1048.9937810469844, ""EngineTemp"": 92.27516462023453, ""BatteryLevel"": 34.193123194229194}"
0x123,EngineData,"[0, 0, 0, 0, 0, 0, 0, 0]","{""EngineSpeed"": 5925.932991916195, ""EngineTemp"": 85.26313916574438, ""BatteryLevel"": 20.923671160194925}"
0x123,EngineData,"[0, 0, 0, 0, 0, 0, 0, 0]","{""EngineSpeed"": 2629.6846577910646, ""EngineTemp"": 88.15406225780048, ""BatteryLevel"": 45.28228664142524}"
0x125,ClimateControl,"[0, 0, 0, 0, 0, 0, 0, 0]","{""CabinTemp"": 29.8, ""FanSpeed"": 3, ""ACStatus"": 1}"
0x123,EngineData,"[0, 0, 0, 0, 0, 0, 0, 0]","{""EngineSpeed"": 3448.385689935199, ""EngineTemp"": 90.62668182133461, ""BatteryLevel"": 61.64870514963726}"
0x125,ClimateControl,"[0, 0, 0, 0, 0, 0, 0, 0]","{""CabinTemp"": 24.2, ""FanSpeed"": 2, ""ACStatus"": 1}"
0x123,EngineData,"[0, 0, 0, 0, 0, 0, 0, 0]","{""EngineSpeed"": 5580.746888047955, ""EngineTemp"": 70.97431690500464, ""BatteryLevel"": 83.42247073024222}"
0x125,ClimateControl,"[0, 0, 0, 0, 0, 0, 0, 0]","{""CabinTemp"": 25.1, ""FanSpeed"": 3, ""ACStatus"": 1}"
0x125,ClimateControl,"[0, 0, 0, 0, 0, 0, 0, 0]","{""CabinTemp"": 10.8, ""FanSpeed"": 3, ""ACStatus"": 1}"
0x123,EngineData,"[0, 0, 0, 0, 0, 0, 0, 0]","{""EngineSpeed"": 3136.9365579563555, ""EngineTemp"": 102.5582006212554, ""BatteryLevel"": 5.134980088998741}"
0x123,EngineData,"[0, 0, 0, 0, 0, 0, 0, 0]","{""EngineSpeed"": 2744.4869303036667, ""EngineTemp"": 81.79242045400889, ""BatteryLevel"": 94.98263952187689}"
0x125,ClimateControl,"[0, 0, 0, 0, 0, 0, 0, 0]","{""CabinTemp"": 13.7, ""FanSpeed"": 0, ""ACStatus"": 0}"
0x123,EngineData,"[0, 0, 0, 0, 0, 0, 0, 0]","{""EngineSpeed"": 2181.9337558282314, ""EngineTemp"": 98.510829582088, ""BatteryLevel"": 23.998727220006934}"
0x123,EngineData,"[0, 0, 0, 0, 0, 0, 0, 0]","{""EngineSpeed"": 3581.0186070236114, ""EngineTemp"": 89.29698984779293, ""BatteryLevel"": 79.25789218805753}"
0x124,VehicleData,"[0, 0, 0, 0, 0, 0, 0, 0]","{""Speed"": 186.7574385687087, ""GearPosition"": 4, ""BatteryVoltage"": 369.7282028632432}"
0x125,ClimateControl,"[0, 0, 0, 0, 0, 0, 0, 0]","{""CabinTemp"": 15.1, ""FanSpeed"": 0, ""ACStatus"": 0}"
0x123,EngineData,"[0, 0, 0, 0, 0, 0, 0, 0]","{""EngineSpeed"": 4987.387746833192, ""EngineTemp"": 119.55946496923093, ""BatteryLevel"": 61.52911284255491}"
0x124,VehicleData,"[0, 0, 0, 0, 0, 0, 0, 0]","{""Speed"": 32.76934720905025, ""GearPosition"": 2, ""BatteryVoltage"": 362.0795903849632}"
0x125,ClimateControl,"[0, 0, 0, 0, 0, 0, 0, 0]","{""CabinTemp"": 30.7, ""FanSpeed"": 5, ""ACStatus"": 1}"
0x124,VehicleData,"[0, 0, 0, 0, 0, 0, 0, 0]","{""Speed"": 230.1058584629609, ""GearPosition"": 4, ""BatteryVoltage"": 397.4606814556045}"
0x123,EngineData,"[0, 0, 0, 0, 0, 0, 0, 0]","{""EngineSpeed"": 4699.336743726866, ""EngineTemp"": 79.10956745596428, ""BatteryLevel"": 91.55508030724465}"
0x123,EngineData,"[0, 0, 0, 0, 0, 0, 0, 0]","{""EngineSpeed"": 4153.672087930119, ""EngineTemp"": 92.89195648313142, ""BatteryLevel"": 45.385251087036316}"
0x123,EngineData,"[0, 0, 0, 0, 0, 0, 0, 0]","{""EngineSpeed"": 3199.3256846709983, ""EngineTemp"": 85.58283006760699, ""BatteryLevel"": 47.80473122298281}"
0x124,VehicleData,"[0, 0, 0, 0, 0, 0, 0, 0]","{""Speed"": 74.03989103757065, ""GearPosition"": 2, ""BatteryVoltage"": 410.30511560660824}"
0x123,EngineData,"[0, 0, 0, 0, 0, 0, 0, 0]","{""EngineSpeed"": 1086.941034754115, ""EngineTemp"": 95.38298335680696, ""BatteryLevel"": 41.62959078458186}"
0x124,VehicleData,"[0, 0, 0, 0, 0, 0, 0, 0]","{""Speed"": 102.91218769403062, ""GearPosition"": 2, ""BatteryVoltage"": 392.9246120229484}"
0x123,EngineData,"[0, 0, 0, 0, 0, 0, 0, 0]","{""EngineSpeed"": 5790.819175816706, ""EngineTemp"": 82.61043872058106, ""BatteryLevel"": 23.06362442219324}"
0x124,VehicleData,"[0, 0, 0, 0, 0, 0, 0, 0]","{""Speed"": 157.6521245437153, ""GearPosition"": 4, ""BatteryVoltage"": 383.01072329022924}"
0x124,VehicleData,"[0, 0, 0, 0, 0, 0, 0, 0]","{""Speed"": 173.80022609065105, ""GearPosition"": 5, ""BatteryVoltage"": 389.13848661485986}"
0x124,VehicleData,"[0, 0, 0, 0, 0, 0, 0, 0]","{""Speed"": 182.49228325768365, ""GearPosition"": 5, ""BatteryVoltage"": 395.68606790493357}"
0x123,EngineData,"[0, 0, 0, 0, 0, 0, 0, 0]","{""EngineSpeed"": 1260.1957962941233, ""EngineTemp"": 80.05768971167036, ""BatteryLevel"": 7.675976097086035}"
0x123,EngineData,"[0, 0, 0, 0, 0, 0, 0, 0]","{""EngineSpeed"": 3241.3469763700973, ""EngineTemp"": 68.1533939644198, ""BatteryLevel"": 73.57563426981608}"
0x125,ClimateControl,"[0, 0, 0, 0, 0, 0, 0, 0]","{""CabinTemp"": 11.7, ""FanSpeed"": 0, ""ACStatus"": 0}"
0x124,VehicleData,"[0, 0, 0, 0, 0, 0, 0, 0]","{""Speed"": 182.58505926215213, ""GearPosition"": 2, ""BatteryVoltage"": 385.08938058093474}"
0x125,ClimateControl,"[0, 0, 0, 0, 0, 0, 0, 0]","{""CabinTemp"": 23.3, ""FanSpeed"": 1, ""ACStatus"": 1}"
0x124,VehicleData,"[0, 0, 0, 0, 0, 0, 0, 0]","{""Speed"": 186.3741312061499, ""GearPosition"": 3, ""BatteryVoltage"": 377.2321481611402}"
0x123,EngineData,"[0, 0, 0, 0, 0, 0, 0, 0]","{""EngineSpeed"": 5486.884135863534, ""EngineTemp"": 111.4952984066042, ""BatteryLevel"": 18.2950793061898}"
0x123,EngineData,"[0, 0, 0, 0, 0, 0, 0, 0]","{""EngineSpeed"": 4802.250861943237, ""EngineTemp"": 95.91888580380883, ""BatteryLevel"": 41.73959917234629}"
0x125,ClimateControl,"[0, 0, 0, 0, 0, 0, 0, 0]","{""CabinTemp"": 25.1, ""FanSpeed"": 3, ""ACStatus"": 1}"
0x125,ClimateControl,"[0, 0, 0, 0, 0, 0, 0, 0]","{""CabinTemp"": 29.4, ""FanSpeed"": 3, ""ACStatus"": 1}"
0x125,ClimateControl,"[0, 0, 0, 0, 0, 0, 0, 0]","{""CabinTemp"": 33.4, ""FanSpeed"": 5, ""ACStatus"": 1}"
0x124,VehicleData,"[0, 0, 0, 0, 0, 0, 0, 0]","{""Speed"": 139.8463242935958, ""GearPosition"": 2, ""BatteryVoltage"": 418.559015091364}"
0x125,ClimateControl,"[0, 0, 0, 0, 0, 0, 0, 0]","{""CabinTemp"": 22.9, ""FanSpeed"": 1, ""ACStatus"": 1}"
0x123,EngineData,"[0, 0, 0, 0, 0, 0, 0, 0]","{""EngineSpeed"": 4471.221688901485, ""EngineTemp"": 87.62516238120205, ""BatteryLevel"": 65.34501817645072}"
0x123,EngineData,"[0, 0, 0, 0, 0, 0, 0, 0]","{""EngineSpeed"": 3297.6059340856086, ""EngineTemp"": 88.82671953205697, ""BatteryLevel"": 52.17358713194166}"
0x124,VehicleData,"[0, 0, 0, 0, 0, 0, 0, 0]","{""Speed"": 69.10757731353429, ""GearPosition"": 4, ""BatteryVoltage"": 401.26353972958674}"
0x123,EngineData,"[0, 0, 0, 0, 0, 0, 0, 0]","{""EngineSpeed"": 1884.0864845877702, ""EngineTemp"": 71.26141472218698, ""BatteryLevel"": 92.00949369757177}"
0x125,ClimateControl,"[0, 0, 0, 0, 0, 0, 0, 0]","{""CabinTemp"": 18.6, ""FanSpeed"": 1, ""ACStatus"": 1}"
0x125,ClimateControl,"[0, 0, 0, 0, 0, 0, 0, 0]","{""CabinTemp"": 10.7, ""FanSpeed"": 2, ""ACStatus"": 1}"
0x123,EngineData,"[0, 0, 0, 0, 0, 0, 0, 0]","{""EngineSpeed"": 4971.96717141772, ""EngineTemp"": 82.98754286297489, ""BatteryLevel"": 32.19043674772325}"
0x123,EngineData,"[0, 0, 0, 0, 0, 0, 0, 0]","{""EngineSpeed"": 2140.028449707592, ""EngineTemp"": 109.22535823547068, ""BatteryLevel"": 96.14240889729652}"
0x124,VehicleData,"[0, 0, 0, 0, 0, 0, 0, 0]","{""Speed"": 72.20595133911905, ""GearPosition"": 4, ""BatteryVoltage"": 388.68801104690306}"
0x125,ClimateControl,"[0, 0, 0, 0, 0, 0, 0, 0]","{""CabinTemp"": 27.8, ""FanSpeed"": 3, ""ACStatus"": 1}"
0x123,EngineData,"[0, 0, 0, 0, 0, 0, 0, 0]","{""EngineSpeed"": 5415.005715232974, ""EngineTemp"": 60.77966757251656, ""BatteryLevel"": 3.3506535762736767}"
0x124,VehicleData,"[0, 0, 0, 0, 0, 0, 0, 0]","{""Speed"": 29.985568378439282, ""GearPosition"": 2, ""BatteryVoltage"": 369.0375966451971}"
0x123,EngineData,"[0, 0, 0, 0, 0, 0, 0, 0]","{""EngineSpeed"": 1360.3358337658906, ""EngineTemp"": 71.40717175409819, ""BatteryLevel"": 73.92903665140076}"
0x125,ClimateControl,"[0, 0, 0, 0, 0, 0, 0, 0]","{""CabinTemp"": 30.4, ""FanSpeed"": 5, ""ACStatus"": 1}"
0x123,EngineData,"[0, 0, 0, 0, 0, 0, 0, 0]","{""EngineSpeed"": 2174.3558458085627, ""EngineTemp"": 104.31845035931359, ""BatteryLevel"": 85.71947703637002}"
0x124,VehicleData,"[0, 0, 0, 0, 0, 0, 0, 0]","{""Speed"": 79.61925881638906, ""GearPosition"": 1, ""BatteryVoltage"": 414.8187178998008}"
0x123,EngineData,"[0, 0, 0, 0, 0, 0, 0, 0]","{""EngineSpeed"": 3701.0690629693404, ""EngineTemp"": 66.1987306827672, ""BatteryLevel"": 89.01659721732175}"
0x125,ClimateControl,"[0, 0, 0, 0, 0, 0, 0, 0]","{""CabinTemp"": 21.4, ""FanSpeed"": 2, ""ACStatus"": 1}"
0x124,VehicleData,"[0, 0, 0, 0, 0, 0, 0, 0]","{""Speed"": 202.81483317281538, ""GearPosition"": 3, ""BatteryVoltage"": 385.374521493182}"
0x125,ClimateControl,"[0, 0, 0, 0, 0, 0, 0, 0]","{""CabinTemp"": 11.4, ""FanSpeed"": 2, ""ACStatus"": 1}"
0x123,EngineData,"[0, 0, 0, 0, 0, 0, 0, 0]","{""EngineSpeed"": 2697.6253438048334, ""EngineTemp"": 63.13286032937461, ""BatteryLevel"": 77.93199514419594}"
0x123,EngineData,"[0, 0, 0, 0, 0, 0, 0, 0]","{""EngineSpeed"": 5892.931179920537, ""EngineTemp"": 96.73528738112836, ""BatteryLevel"": 97.94409820156368}"
0x123,EngineData,"[0, 0, 0, 0, 0, 0, 0, 0]","{""EngineSpeed"": 5486.588733040131, ""EngineTemp"": 118.39227903845995, ""BatteryLevel"": 70.4839005632656}"
0x124,VehicleData,"[0, 0, 0, 0, 0, 0, 0, 0]","{""Speed"": 105.43819099282027, ""GearPosition"": 1, ""BatteryVoltage"": 386.95987851555657}"
0x125,ClimateControl,"[0, 0, 0, 0, 0, 0, 0, 0]","{""CabinTemp"": 33.2, ""FanSpeed"": 5, ""ACStatus"": 1}"
0x123,EngineData,"[0, 0, 0, 0, 0, 0, 0, 0]","{""EngineSpeed"": 2769.4255969562823, ""EngineTemp"": 94.6327932741732, ""BatteryLevel"": 21.474416464070543}"
0x123,EngineData,"[0, 0, 0, 0, 0, 0, 0, 0]","{""EngineSpeed"": 3867.3533935672576, ""EngineTemp"": 96.58834561943164, ""BatteryLevel"": 38.65478372504762}"
0x124,VehicleData,"[0, 0, 0, 0, 0, 0, 0, 0]","{""Speed"": 75.01494033027872, ""GearPosition"": 3, ""BatteryVoltage"": 394.9890785410445}"
0x124,VehicleData,"[0, 0, 0, 0, 0, 0, 0, 0]","{""Speed"": 215.96799899117713, ""GearPosition"": 2, ""BatteryVoltage"": 397.5656719599155}"
0x124,VehicleData,"[0, 0, 0, 0, 0, 0, 0, 0]","{""Speed"": 148.52265390803794, ""GearPosition"": 1, ""BatteryVoltage"": 371.77071488239585}"
0x123,EngineData,"[0, 0, 0, 0, 0, 0, 0, 0]","{""EngineSpeed"": 4921.56796478624, ""EngineTemp"": 78.42318166295698, ""BatteryLevel"": 48.70859025795555}"
0x125,ClimateControl,"[0, 0, 0, 0, 0, 0, 0, 0]","{""CabinTemp"": 21.5, ""FanSpeed"": 0, ""ACStatus"": 0}"
0x123,EngineData,"[0, 0, 0, 0, 0, 0, 0, 0]","{""EngineSpeed"": 3303.0014037645315, ""EngineTemp"": 102.99835927720324, ""BatteryLevel"": 53.41506298620893}"
0x125,ClimateControl,"[0, 0, 0, 0, 0, 0, 0, 0]","{""CabinTemp"": 29.1, ""FanSpeed"": 4, ""ACStatus"": 1}"
0x123,EngineData,"[0, 0, 0, 0, 0, 0, 0, 0]","{""EngineSpeed"": 5213.824217050654, ""EngineTemp"": 112.41955348111111, ""BatteryLevel"": 87.24779839532277}"
0x125,ClimateControl,"[0, 0, 0, 0, 0, 0, 0, 0]","{""CabinTemp"": 30.6, ""FanSpeed"": 4, ""ACStatus"": 1}"
0x123,EngineData,"[0, 0, 0, 0, 0, 0, 0, 0]","{""EngineSpeed"": 5040.960054246326, ""EngineTemp"": 93.44346344282448, ""BatteryLevel"": 72.31507587749371}"
0x125,ClimateControl,"[0, 0, 0, 0, 0, 0, 0, 0]","{""CabinTemp"": 19.4, ""FanSpeed"": 1, ""ACStatus"": 1}"
0x125,ClimateControl,"[0, 0, 0, 0, 0, 0, 0, 0]","{""CabinTemp"": 16.8, ""FanSpeed"": 3, ""ACStatus"": 1}"
0x123,EngineData,"[0, 0, 0, 0, 0, 0, 0, 0]","{""EngineSpeed"": 4621.026066423454, ""EngineTemp"": 113.61570353310688, ""BatteryLevel"": 19.401115012153458}"
0x124,VehicleData,"[0, 0, 0, 0, 0, 0, 0, 0]","{""Speed"": 1.4033204409526778, ""GearPosition"": 1, ""BatteryVoltage"": 384.15806717928}"
0x123,EngineData,"[0, 0, 0, 0, 0, 0, 0, 0]","{""EngineSpeed"": 2643.929632028321, ""EngineTemp"": 89.93953244254831, ""BatteryLevel"": 70.7925197606348}"
0x125,ClimateControl,"[0, 0, 0, 0, 0, 0, 0, 0]","{""CabinTemp"": 18.9, ""FanSpeed"": 0, ""ACStatus"": 0}"
0x125,ClimateControl,"[0, 0, 0, 0, 0, 0, 0, 0]","{""CabinTemp"": 15.0, ""FanSpeed"": 2, ""ACStatus"": 1}"
0x123,EngineData,"[0, 0, 0, 0, 0, 0, 0, 0]","{""EngineSpeed"": 2572.43882333087, ""EngineTemp"": 100.36109305157407, ""BatteryLevel"": 2.8827257897652614}"
0x124,VehicleData,"[0, 0, 0, 0, 0, 0, 0, 0]","{""Speed"": 69.20714551406056, ""GearPosition"": 2, ""BatteryVoltage"": 418.7683548465068}"
0x125,ClimateControl,"[0, 0, 0, 0, 0, 0, 0, 0]","{""CabinTemp"": 11.1, ""FanSpeed"": 2, ""ACStatus"": 1}"
0x124,VehicleData,"[0, 0, 0, 0, 0, 0, 0, 0]","{""Speed"": 90.2058295211257, ""GearPosition"": 4, ""BatteryVoltage"": 388.2626506354184}"
0x125,ClimateControl,"[0, 0, 0, 0, 0, 0, 0, 0]","{""CabinTemp"": 27.9, ""FanSpeed"": 3, ""ACStatus"": 1}"
0x125,ClimateControl,"[0, 0, 0, 0, 0, 0, 0, 0]","{""CabinTemp"": 21.0, ""FanSpeed"": 1, ""ACStatus"": 1}"
0x125,ClimateControl,"[0, 0, 0, 0, 0, 0, 0, 0]","{""CabinTemp"": 32.4, ""FanSpeed"": 0, ""ACStatus"": 0}"
0x124,VehicleData,"[0, 0, 0, 0, 0, 0, 0, 0]","{""Speed"": 138.83507941545864, ""GearPosition"": 2, ""BatteryVoltage"": 418.11054699664646}"
0x123,EngineData,"[0, 0, 0, 0, 0, 0, 0, 0]","{""EngineSpeed"": 3524.3578944639294, ""EngineTemp"": 89.19342546126974, ""BatteryLevel"": 42.017935451995534}"
0x123,EngineData,"[0, 0, 0, 0, 0, 0, 0, 0]","{""EngineSpeed"": 887.7172288326589, ""EngineTemp"": 104.8119958565798, ""BatteryLevel"": 51.42262722003088}"
0x125,ClimateControl,"[0, 0, 0, 0, 0, 0, 0, 0]","{""CabinTemp"": 26.7, ""FanSpeed"": 4, ""ACStatus"": 1}"
0x124,VehicleData,"[0, 0, 0, 0, 0, 0, 0, 0]","{""Speed"": 55.13030562174755, ""GearPosition"": 4, ""BatteryVoltage"": 362.8517062028484}"
0x124,VehicleData,"[0, 0, 0, 0, 0, 0, 0, 0]","{""Speed"": 86.2444565833496, ""GearPosition"": 5, ""BatteryVoltage"": 394.14433633564687}"
0x123,EngineData,"[0, 0, 0, 0, 0, 0, 0, 0]","{""EngineSpeed"": 4985.041063629496, ""EngineTemp"": 79.63794052012886, ""BatteryLevel"": 54.298620452502746}"
0x124,VehicleData,"[0, 0, 0, 0, 0, 0, 0, 0]","{""Speed"": 160.77384410188301, ""GearPosition"": 1, ""BatteryVoltage"": 377.92053153185304}"
0x123,EngineData,"[0, 0, 0, 0, 0, 0, 0, 0]","{""EngineSpeed"": 4239.147194189452, ""EngineTemp"": 76.38932275299256, ""BatteryLevel"": 12.683468603133019}"
0x124,VehicleData,"[0, 0, 0, 0, 0, 0, 0, 0]","{""Speed"": 222.68020141992216, ""GearPosition"": 1, ""BatteryVoltage"": 376.66084475786926}"
0x123,EngineData,"[0, 0, 0, 0, 0, 0, 0, 0]","{""EngineSpeed"": 3907.455936537395, ""EngineTemp"": 88.6674085602794, ""BatteryLevel"": 35.91250302911635}"
0x125,ClimateControl,"[0, 0, 0, 0, 0, 0, 0, 0]","{""CabinTemp"": 10.3, ""FanSpeed"": 1, ""ACStatus"": 1}"
0x124,VehicleData,"[0, 0, 0, 0, 0, 0, 0, 0]","{""Speed"": 135.41571072409835, ""GearPosition"": 5, ""BatteryVoltage"": 391.42630905826496}"
0x125,ClimateControl,"[0, 0, 0, 0, 0, 0, 0, 0]","{""CabinTemp"": 24.1, ""FanSpeed"": 1, ""ACStatus"": 1}"
0x124,VehicleData,"[0, 0, 0, 0, 0, 0, 0, 0]","{""Speed"": 99.55234051574314, ""GearPosition"": 2, ""BatteryVoltage"": 387.1948971500451}"
0x125,ClimateControl,"[0, 0, 0, 0, 0, 0, 0, 0]","{""CabinTemp"": 15.3, ""FanSpeed"": 2, ""ACStatus"": 1}"
0x124,VehicleData,"[0, 0, 0, 0, 0, 0, 0, 0]","{""Speed"": 125.90715002554059, ""GearPosition"": 4, ""BatteryVoltage"": 392.37829716314263}"
0x124,VehicleData,"[0, 0, 0, 0, 0, 0, 0, 0]","{""Speed"": 168.9936740578881, ""GearPosition"": 5, ""BatteryVoltage"": 413.8826420381172}"
0x123,EngineData,"[0, 0, 0, 0, 0, 0, 0, 0]","{""EngineSpeed"": 4411.407687190078, ""EngineTemp"": 74.40171587786341, ""BatteryLevel"": 61.20020274198515}"
0x125,ClimateControl,"[0, 0, 0, 0, 0, 0, 0, 0]","{""CabinTemp"": 28.7, ""FanSpeed"": 4, ""ACStatus"": 1}"
0x124,VehicleData,"[0, 0, 0, 0, 0, 0, 0, 0]","{""Speed"": 107.63726095791321, ""GearPosition"": 2, ""BatteryVoltage"": 388.29823720602604}"
0x125,ClimateControl,"[0, 0, 0, 0, 0, 0, 0, 0]","{""CabinTemp"": 18.7, ""FanSpeed"": 1, ""ACStatus"": 1}"
0x123,EngineData,"[0, 0, 0, 0, 0, 0, 0, 0]","{""EngineSpeed"": 3031.1082097298627, ""EngineTemp"": 63.326255443431755, ""BatteryLevel"": 39.5393304879574}"
0x123,EngineData,"[0, 0, 0, 0, 0, 0, 0, 0]","{""EngineSpeed"": 2982.197079900708, ""EngineTemp"": 97.23089005013382, ""BatteryLevel"": 15.474473087435825}"
0x125,ClimateControl,"[0, 0, 0, 0, 0, 0, 0, 0]","{""CabinTemp"": 22.8, ""FanSpeed"": 1, ""ACStatus"": 1}"
0x123,EngineData,"[0, 0, 0, 0, 0, 0, 0, 0]","{""EngineSpeed"": 1720.430660243193, ""EngineTemp"": 78.33702047481069, ""BatteryLevel"": 80.85692654499438}"
0x123,EngineData,"[0, 0, 0, 0, 0, 0, 0, 0]","{""EngineSpeed"": 1325.3362775771106, ""EngineTemp"": 75.47381739945898, ""BatteryLevel"": 93.14595892560149}"
0x125,ClimateControl,"[0, 0, 0, 0, 0, 0, 0, 0]","{""CabinTemp"": 21.3, ""FanSpeed"": 2, ""ACStatus"": 1}"
0x123,EngineData,"[0, 0, 0, 0, 0, 0, 0, 0]","{""EngineSpeed"": 5846.451208102376, ""EngineTemp"": 76.50583915081388, ""BatteryLevel"": 25.453122684862027}"
0x125,ClimateControl,"[0, 0, 0, 0, 0, 0, 0, 0]","{""CabinTemp"": 10.3, ""FanSpeed"": 3, ""ACStatus"": 1}"
0x123,EngineData,"[0, 0, 0, 0, 0, 0, 0, 0]","{""EngineSpeed"": 2903.7528945431905, ""EngineTemp"": 103.63388385774698, ""BatteryLevel"": 72.49341369002903}"
0x124,VehicleData,"[0, 0, 0, 0, 0, 0, 0, 0]","{""Speed"": 196.75228154009568, ""GearPosition"": 3, ""BatteryVoltage"": 382.1538982914635}"
0x123,EngineData,"[0, 0, 0, 0, 0, 0, 0, 0]","{""EngineSpeed"": 5502.10858374462, ""EngineTemp"": 104.84706539729345, ""BatteryLevel"": 92.67959526589497}"
0x123,EngineData,"[0, 0, 0, 0, 0, 0, 0, 0]","{""EngineSpeed"": 932.2967992587281, ""EngineTemp"": 89.80574984890488, ""BatteryLevel"": 66.62220472666003}"
0x123,EngineData,"[0, 0, 0, 0, 0, 0, 0, 0]","{""EngineSpeed"": 3254.5386681647724, ""EngineTemp"": 88.03358719340696, ""BatteryLevel"": 96.52968801382275}"
0x124,VehicleData,"[0, 0, 0, 0, 0, 0, 0, 0]","{""Speed"": 160.73120105509813, ""GearPosition"": 1, ""BatteryVoltage"": 373.56891765950417}"
0x123,EngineData,"[0, 0, 0, 0, 0, 0, 0, 0]","{""EngineSpeed"": 2381.8722753201555, ""EngineTemp"": 94.99288823062633, ""BatteryLevel"": 20.92306014093048}"
0x123,EngineData,"[0, 0, 0, 0, 0, 0, 0, 0]","{""EngineSpeed"": 5381.253971811233, ""EngineTemp"": 66.83735671610293, ""BatteryLevel"": 78.12115127794844}"
0x123,EngineData,"[0, 0, 0, 0, 0, 0, 0, 0]","{""EngineSpeed"": 3243.692430784811, ""EngineTemp"": 69.9351440028186, ""BatteryLevel"": 35.214682548984456}"
0x125,ClimateControl,"[0, 0, 0, 0, 0, 0, 0, 0]","{""CabinTemp"": 33.4, ""FanSpeed"": 5, ""ACStatus"": 1}"
0x125,ClimateControl,"[0, 0, 0, 0, 0, 0, 0, 0]","{""CabinTemp"": 21.4, ""FanSpeed"": 2, ""ACStatus"": 1}"
0x125,ClimateControl,"[0, 0, 0, 0, 0, 0, 0, 0]","{""CabinTemp"": 24.3, ""FanSpeed"": 2, ""ACStatus"": 1}"
0x124,VehicleData,"[0, 0, 0, 0, 0, 0, 0, 0]","{""Speed"": 210.41312770663043, ""GearPosition"": 1, ""BatteryVoltage"": 366.2309801116202}"
0x123,EngineData,"[0, 0, 0, 0, 0, 0, 0, 0]","{""EngineSpeed"": 1107.8887210987855, ""EngineTemp"": 118.37767395982269, ""BatteryLevel"": 59.685901249231755}"
0x123,EngineData,"[0, 0, 0, 0, 0, 0, 0, 0]","{""EngineSpeed"": 3438.6323848761167, ""EngineTemp"": 103.02548808963189, ""BatteryLevel"": 82.05145861548063}"
0x123,EngineData,"[0, 0, 0, 0, 0, 0, 0, 0]","{""EngineSpeed"": 2126.240603707038, ""EngineTemp"": 110.20540523122312, ""BatteryLevel"": 98.34715575348983}"
0x123,EngineData,"[0, 0, 0, 0, 0, 0, 0, 0]","{""EngineSpeed"": 3066.828903701446, ""EngineTemp"": 80.24381308766773, ""BatteryLevel"": 50.75473622870925}"
0x123,EngineData,"[0, 0, 0, 0, 0, 0, 0, 0]","{""EngineSpeed"": 1414.697644745578, ""EngineTemp"": 93.77046066794009, ""BatteryLevel"": 5.643404178202315}"
0x125,ClimateControl,"[0, 0, 0, 0, 0, 0, 0, 0]","{""CabinTemp"": 29.2, ""FanSpeed"": 4, ""ACStatus"": 1}"
0x123,EngineData,"[0, 0, 0, 0, 0, 0, 0, 0]","{""EngineSpeed"": 4183.570568730913, ""EngineTemp"": 60.634406187850075, ""BatteryLevel"": 47.90414232493695}"
0x123,EngineData,"[0, 0, 0, 0, 0, 0, 0, 0]","{""EngineSpeed"": 1223.5440894563678, ""EngineTemp"": 70.54199760178237, ""BatteryLevel"": 1.432861848052891}"
0x123,EngineData,"[0, 0, 0, 0, 0, 0, 0, 0]","{""EngineSpeed"": 4782.895995567293, ""EngineTemp"": 79.50027238405292, ""BatteryLevel"": 37.531583197404494}"
0x125,ClimateControl,"[0, 0, 0, 0, 0, 0, 0, 0]","{""CabinTemp"": 17.0, ""FanSpeed"": 3, ""ACStatus"": 1}"
0x123,EngineData,"[0, 0, 0, 0, 0, 0, 0, 0]","{""EngineSpeed"": 1249.714099191846, ""EngineTemp"": 97.44131034478782, ""BatteryLevel"": 34.681936380393594}"
0x125,ClimateControl,"[0, 0, 0, 0, 0, 0, 0, 0]","{""CabinTemp"": 22.8, ""FanSpeed"": 1, ""ACStatus"": 1}"
0x123,EngineData,"[0, 0, 0, 0, 0, 0, 0, 0]","{""EngineSpeed"": 4091.2538222990365, ""EngineTemp"": 67.29773560235284, ""BatteryLevel"": 56.82943227123792}"
0x124,VehicleData,"[0, 0, 0, 0, 0, 0, 0, 0]","{""Speed"": 171.61119521565092, ""GearPosition"": 2, ""BatteryVoltage"": 378.9017878101681}"
0x124,VehicleData,"[0, 0, 0, 0, 0, 0, 0, 0]","{""Speed"": 230.3353883806337, ""GearPosition"": 2, ""BatteryVoltage"": 418.6425023747614}"
0x124,VehicleData,"[0, 0, 0, 0, 0, 0, 0, 0]","{""Speed"": 222.8509363281424, ""GearPosition"": 4, ""BatteryVoltage"": 411.9490141205598}"
0x123,EngineData,"[0, 0, 0, 0, 0, 0, 0, 0]","{""EngineSpeed"": 4016.5919460088912, ""EngineTemp"": 102.14936659115763, ""BatteryLevel"": 68.12050122487949}"
0x123,EngineData,"[0, 0, 0, 0, 0, 0, 0, 0]","{""EngineSpeed"": 4585.086644017413, ""EngineTemp"": 84.60272059075874, ""BatteryLevel"": 1.80231334194072}"
0x124,VehicleData,"[0, 0, 0, 0, 0, 0, 0, 0]","{""Speed"": 47.68791366436922, ""GearPosition"": 4, ""BatteryVoltage"": 416.2875418389123}"
0x124,VehicleData,"[0, 0, 0, 0, 0, 0, 0, 0]","{""Speed"": 89.62389814187453, ""GearPosition"": 3, ""BatteryVoltage"": 382.6713318410338}"
0x125,ClimateControl,"[0, 0, 0, 0, 0, 0, 0, 0]","{""CabinTemp"": 25.0, ""FanSpeed"": 3, ""ACStatus"": 1}"
0x123,EngineData,"[0, 0, 0, 0, 0, 0, 0, 0]","{""EngineSpeed"": 4334.3028886954, ""EngineTemp"": 73.44118826163042, ""BatteryLevel"": 16.921194828623875}"
0x125,ClimateControl,"[0, 0, 0, 0, 0, 0, 0, 0]","{""CabinTemp"": 22.9, ""FanSpeed"": 0, ""ACStatus"": 0}"
0x124,VehicleData,"[0, 0, 0, 0, 0, 0, 0, 0]","{""Speed"": 227.2789832535684, ""GearPosition"": 5, ""BatteryVoltage"": 418.95602941816526}"
0x125,ClimateControl,"[0, 0, 0, 0, 0, 0, 0, 0]","{""CabinTemp"": 15.4, ""FanSpeed"": 3, ""ACStatus"": 1}"
0x123,EngineData,"[0, 0, 0, 0, 0, 0, 0, 0]","{""EngineSpeed"": 5958.183160824831, ""EngineTemp"": 83.86063931705628, ""BatteryLevel"": 56.822038351116475}"
0x123,EngineData,"[0, 0, 0, 0, 0, 0, 0, 0]","{""EngineSpeed"": 2708.1898181697634, ""EngineTemp"": 77.3497587670753, ""BatteryLevel"": 92.6068891444206}"
0x124,VehicleData,"[0, 0, 0, 0, 0, 0, 0, 0]","{""Speed"": 143.56460598752338, ""GearPosition"": 5, ""BatteryVoltage"": 378.2188783103879}"
0x124,VehicleData,"[0, 0, 0, 0, 0, 0, 0, 0]","{""Speed"": 196.88212295925797, ""GearPosition"": 3, ""BatteryVoltage"": 415.2408968775509}"
0x123,EngineData,"[0, 0, 0, 0, 0, 0, 0, 0]","{""EngineSpeed"": 4382.206411839842, ""EngineTemp"": 71.91474212512196, ""BatteryLevel"": 62.49857923826975}"
0x125,ClimateControl,"[0, 0, 0, 0, 0, 0, 0, 0]","{""CabinTemp"": 11.7, ""FanSpeed"": 3, ""ACStatus"": 1}"
0x123,EngineData,"[0, 0, 0, 0, 0, 0, 0, 0]","{""EngineSpeed"": 4482.2565370685315, ""EngineTemp"": 65.95162478827332, ""BatteryLevel"": 11.129425922683577}"
0x123,EngineData,"[0, 0, 0, 0, 0, 0, 0, 0]","{""EngineSpeed"": 3756.2756423266087, ""EngineTemp"": 87.93948285567834, ""BatteryLevel"": 36.987682511184886}"
